location,state,district,latitude,longitude,elevation,slope,rainfall,rainfall_intensity,soil_moisture,temperature,humidity,wind_speed,pressure,land_cover,soil_type,rock_type,distance_to_drain,historical_occurrence,season,timestamp,landslide
Churachandpur,Manipur,Churachandpur,24.3343,93.6766,914,32.4,12.8,0.1,25.8,8.5,46.9,8.8,1003.5,Dense Forest,Sandy Clay Loam,Igneous,0.58,1,Winter,2018-01-01,1
Churachandpur,Manipur,Churachandpur,24.3343,93.6766,914,32.4,34.6,9.2,42.2,11.7,67.5,4.8,1002.2,Open Forest,Clay,Metamorphic,3.48,1,Spring,2018-03-02,1
Churachandpur,Manipur,Churachandpur,24.3343,93.6766,914,32.4,37.4,6.9,53.8,14.6,86.2,9.3,982.2,Agriculture,Clay Loam,Mixed,3.66,0,Pre/Post Monsoon,2018-05-01,1
Churachandpur,Manipur,Churachandpur,24.3343,93.6766,914,32.4,165.1,43.2,100,8.6,80.8,2.8,964.0,Dense Forest,Clay,Metamorphic,5.55,0,Monsoon,2018-06-30,1
Churachandpur,Manipur,Churachandpur,24.3343,93.6766,914,32.4,117.2,25.7,99.5,15.3,96.9,3.7,993.7,Open Forest,Clay,Igneous,3.39,0,Monsoon,2018-08-29,1
Churachandpur,Manipur,Churachandpur,24.3343,93.6766,914,32.4,84.8,21.9,71.5,8.6,84.4,5.2,966.1,Open Forest,Sandy Clay Loam,Metamorphic,2.71,0,Pre/Post Monsoon,2018-10-28,1
Churachandpur,Manipur,Churachandpur,24.3343,93.6766,914,32.4,2.9,0.7,24.6,13.6,58.6,6.3,985.0,Shrubland,Sandy Loam,Hard Sedimentary,6.21,1,Winter,2018-12-27,1
Churachandpur,Manipur,Churachandpur,24.3343,93.6766,914,32.4,20.3,3.6,33.5,14.5,67.0,8.0,978.1,Shrubland,Sandy Clay Loam,Soft Sedimentary,8.23,1,Spring,2019-02-25,1
Churachandpur,Manipur,Churachandpur,24.3343,93.6766,914,32.4,91.5,11.8,70.7,7.5,72.3,9.2,993.2,Barren/Rocky,Sandy Loam,Mixed,10.97,0,Pre/Post Monsoon,2019-04-26,1
Churachandpur,Manipur,Churachandpur,24.3343,93.6766,914,32.4,109.9,45.5,92.1,17.4,89.7,2.0,969.4,Dense Forest,Clay Loam,Metamorphic,10.57,0,Monsoon,2019-06-25,1
Churachandpur,Manipur,Churachandpur,24.3343,93.6766,914,32.4,121.3,37.7,98.4,16.7,81.4,11.8,982.0,Open Forest,Sandy Loam,Igneous,11.37,1,Monsoon,2019-08-24,1
Churachandpur,Manipur,Churachandpur,24.3343,93.6766,914,32.4,107.1,23.6,90.4,16.0,83.9,6.0,990.3,Shrubland,Clay,Mixed,5.53,1,Pre/Post Monsoon,2019-10-23,1
Churachandpur,Manipur,Churachandpur,24.3343,93.6766,914,32.4,11.8,1.2,23.7,6.1,45.5,4.3,1004.3,Shrubland,Clay Loam,Mixed,3.01,0,Winter,2019-12-22,0
Churachandpur,Manipur,Churachandpur,24.3343,93.6766,914,32.4,40.3,10.8,44.4,8.8,64.4,6.1,955.7,Agriculture,Loam,Igneous,5.05,0,Spring,2020-02-20,1
Churachandpur,Manipur,Churachandpur,24.3343,93.6766,914,32.4,34.8,19.6,45.8,6.7,85.0,7.4,958.4,Open Forest,Loam,Igneous,3.15,0,Pre/Post Monsoon,2020-04-20,1
Churachandpur,Manipur,Churachandpur,24.3343,93.6766,914,32.4,96.6,55.0,90.6,20.5,95.0,10.5,960.0,Agriculture,Clay,Hard Sedimentary,10.4,0,Monsoon,2020-06-19,1
Churachandpur,Manipur,Churachandpur,24.3343,93.6766,914,32.4,218.1,25.6,100,12.2,94.1,11.6,1009.7,Barren/Rocky,Clay,Hard Sedimentary,2.44,1,Monsoon,2020-08-18,1
Churachandpur,Manipur,Churachandpur,24.3343,93.6766,914,32.4,89.8,6.1,80.8,13.0,79.6,3.6,1007.6,Dense Forest,Sandy Loam,Soft Sedimentary,7.22,0,Pre/Post Monsoon,2020-10-17,1
Churachandpur,Manipur,Churachandpur,24.3343,93.6766,914,32.4,18.8,2.8,25.2,5.6,54.5,8.6,983.9,Shrubland,Loam,Hard Sedimentary,8.1,1,Winter,2020-12-16,1
Churachandpur,Manipur,Churachandpur,24.3343,93.6766,914,32.4,38.5,5.0,37.2,17.0,57.9,6.6,1009.9,Dense Forest,Clay Loam,Mixed,2.72,1,Spring,2021-02-14,1
Churachandpur,Manipur,Churachandpur,24.3343,93.6766,914,32.4,100.3,12.4,81.4,18.3,68.9,8.1,1009.2,Barren/Rocky,Clay Loam,Mixed,3.73,0,Pre/Post Monsoon,2021-04-15,1
Churachandpur,Manipur,Churachandpur,24.3343,93.6766,914,32.4,124.4,50.6,98.9,7.4,93.4,4.1,970.6,Shrubland,Sandy Clay Loam,Igneous,3.16,0,Monsoon,2021-06-14,1
Churachandpur,Manipur,Churachandpur,24.3343,93.6766,914,32.4,197.8,16.8,100,7.0,86.0,3.6,976.5,Agriculture,Sandy Clay Loam,Soft Sedimentary,1.52,0,Monsoon,2021-08-13,1
Churachandpur,Manipur,Churachandpur,24.3343,93.6766,914,32.4,73.6,21.7,64.6,7.3,79.6,5.1,1003.9,Dense Forest,Loam,Hard Sedimentary,8.25,0,Pre/Post Monsoon,2021-10-12,0
Churachandpur,Manipur,Churachandpur,24.3343,93.6766,914,32.4,19.5,3.7,29.4,8.7,63.1,10.0,960.6,Agriculture,Clay Loam,Hard Sedimentary,8.89,1,Winter,2021-12-11,1
Churachandpur,Manipur,Churachandpur,24.3343,93.6766,914,32.4,24.3,9.9,35.4,18.9,52.7,4.2,999.0,Agriculture,Loam,Metamorphic,9.88,0,Spring,2022-02-09,0
Churachandpur,Manipur,Churachandpur,24.3343,93.6766,914,32.4,61.9,10.6,55.9,17.3,66.7,7.1,990.8,Barren/Rocky,Loam,Soft Sedimentary,1.56,0,Pre/Post Monsoon,2022-04-10,1
Churachandpur,Manipur,Churachandpur,24.3343,93.6766,914,32.4,95.0,38.9,81.8,17.5,86.2,11.8,956.9,Barren/Rocky,Sandy Loam,Metamorphic,0.72,0,Monsoon,2022-06-09,1
Churachandpur,Manipur,Churachandpur,24.3343,93.6766,914,32.4,137.3,17.8,100,10.2,92.0,10.5,993.2,Shrubland,Sandy Clay Loam,Metamorphic,8.07,1,Monsoon,2022-08-08,1
Churachandpur,Manipur,Churachandpur,24.3343,93.6766,914,32.4,45.3,18.3,47.7,16.9,74.5,7.7,974.4,Dense Forest,Loam,Metamorphic,2.68,0,Pre/Post Monsoon,2022-10-07,1
Churachandpur,Manipur,Churachandpur,24.3343,93.6766,914,32.4,9.3,2.2,25.0,12.5,45.3,10.0,960.2,Dense Forest,Loam,Mixed,8.03,0,Winter,2022-12-06,0
Churachandpur,Manipur,Churachandpur,24.3343,93.6766,914,32.4,38.5,4.2,37.9,5.3,55.0,6.8,1001.0,Dense Forest,Clay,Igneous,10.66,0,Spring,2023-02-04,0
Churachandpur,Manipur,Churachandpur,24.3343,93.6766,914,32.4,69.6,9.9,69.3,5.0,81.4,9.7,956.4,Agriculture,Sandy Loam,Hard Sedimentary,9.69,0,Pre/Post Monsoon,2023-04-05,1
Churachandpur,Manipur,Churachandpur,24.3343,93.6766,914,32.4,209.3,19.9,100,12.4,82.4,7.6,969.0,Agriculture,Sandy Clay Loam,Mixed,5.24,0,Monsoon,2023-06-04,1
Churachandpur,Manipur,Churachandpur,24.3343,93.6766,914,32.4,186.7,34.0,100,8.9,84.7,9.7,981.3,Open Forest,Loam,Igneous,1.11,1,Monsoon,2023-08-03,1
Churachandpur,Manipur,Churachandpur,24.3343,93.6766,914,32.4,101.4,6.6,76.4,11.1,68.8,4.1,974.9,Shrubland,Sandy Clay Loam,Igneous,5.11,1,Pre/Post Monsoon,2023-10-02,1
Churachandpur,Manipur,Churachandpur,24.3343,93.6766,914,32.4,17.1,3.8,25.3,5.0,49.5,9.5,1001.2,Agriculture,Sandy Clay Loam,Mixed,9.64,0,Winter,2023-12-01,0
Churachandpur,Manipur,Churachandpur,24.3343,93.6766,914,32.4,8.7,0.1,20.8,15.8,48.4,3.7,978.0,Open Forest,Sandy Clay Loam,Mixed,0.52,1,Winter,2024-01-30,1
Churachandpur,Manipur,Churachandpur,24.3343,93.6766,914,32.4,17.9,6.3,32.6,7.9,71.7,5.3,977.3,Shrubland,Clay,Metamorphic,9.07,0,Spring,2024-03-30,1
Churachandpur,Manipur,Churachandpur,24.3343,93.6766,914,32.4,67.6,20.0,57.6,20.2,66.3,2.7,1007.4,Dense Forest,Clay Loam,Hard Sedimentary,2.55,1,Pre/Post Monsoon,2024-05-29,1
Churachandpur,Manipur,Churachandpur,24.3343,93.6766,914,32.4,151.6,19.6,100,12.4,97.1,5.7,986.4,Dense Forest,Sandy Loam,Metamorphic,1.48,1,Monsoon,2024-07-28,1
Churachandpur,Manipur,Churachandpur,24.3343,93.6766,914,32.4,61.7,19.3,58.6,16.0,66.9,3.0,996.3,Barren/Rocky,Clay Loam,Mixed,9.44,1,Pre/Post Monsoon,2024-09-26,1
Churachandpur,Manipur,Churachandpur,24.3343,93.6766,914,32.4,1.4,3.2,14.8,11.7,40.3,6.3,971.7,Agriculture,Sandy Loam,Igneous,2.28,0,Winter,2024-11-25,0
Churachandpur,Manipur,Churachandpur,24.3343,93.6766,914,32.4,9.3,4.1,21.8,10.1,54.8,11.3,966.7,Agriculture,Sandy Loam,Igneous,6.92,0,Winter,2025-01-24,0
Churachandpur,Manipur,Churachandpur,24.3343,93.6766,914,32.4,44.8,3.8,42.4,17.7,55.3,10.8,992.1,Shrubland,Sandy Clay Loam,Soft Sedimentary,6.3,1,Spring,2025-03-25,0
Churachandpur,Manipur,Churachandpur,24.3343,93.6766,914,32.4,69.1,20.2,66.7,15.3,82.3,9.9,955.6,Open Forest,Clay,Hard Sedimentary,3.81,0,Pre/Post Monsoon,2025-05-24,1
Churachandpur,Manipur,Churachandpur,24.3343,93.6766,914,32.4,145.3,44.8,100,16.2,86.0,4.5,957.2,Open Forest,Loam,Soft Sedimentary,8.97,0,Monsoon,2025-07-23,1
Churachandpur,Manipur,Churachandpur,24.3343,93.6766,914,32.4,47.3,14.7,55.4,20.6,83.1,4.8,956.0,Open Forest,Loam,Hard Sedimentary,4.46,1,Pre/Post Monsoon,2025-09-21,1
Churachandpur,Manipur,Churachandpur,24.3343,93.6766,914,32.4,5.5,4.9,18.1,16.1,53.8,10.7,979.5,Dense Forest,Sandy Clay Loam,Metamorphic,5.74,0,Winter,2025-11-20,1
Senapati,Manipur,Senapati,25.268,94.009,1061,35.1,5.0,4.3,17.7,5.5,42.9,7.8,991.2,Open Forest,Sandy Loam,Mixed,11.4,1,Winter,2018-01-01,0
Senapati,Manipur,Senapati,25.268,94.009,1061,35.1,36.2,9.9,38.9,12.8,55.6,6.4,1001.6,Agriculture,Loam,Mixed,7.53,0,Spring,2018-03-02,1
Senapati,Manipur,Senapati,25.268,94.009,1061,35.1,80.0,10.3,68.0,8.3,67.0,3.6,974.5,Barren/Rocky,Clay,Metamorphic,0.59,1,Pre/Post Monsoon,2018-05-01,1
Senapati,Manipur,Senapati,25.268,94.009,1061,35.1,99.3,24.3,85.2,17.1,84.8,10.0,961.9,Dense Forest,Sandy Clay Loam,Hard Sedimentary,7.84,0,Monsoon,2018-06-30,1
Senapati,Manipur,Senapati,25.268,94.009,1061,35.1,97.8,46.7,89.7,17.7,90.7,6.4,978.1,Shrubland,Clay,Metamorphic,6.11,0,Monsoon,2018-08-29,1
Senapati,Manipur,Senapati,25.268,94.009,1061,35.1,101.2,19.7,81.0,4.9,80.1,8.7,1001.6,Barren/Rocky,Clay Loam,Metamorphic,7.0,0,Pre/Post Monsoon,2018-10-28,1
Senapati,Manipur,Senapati,25.268,94.009,1061,35.1,18.3,0.9,29.1,14.6,54.6,2.9,970.9,Shrubland,Loam,Soft Sedimentary,10.32,1,Winter,2018-12-27,1
Senapati,Manipur,Senapati,25.268,94.009,1061,35.1,38.2,6.0,41.0,5.1,69.0,4.5,957.0,Agriculture,Sandy Clay Loam,Soft Sedimentary,7.96,0,Spring,2019-02-25,1
Senapati,Manipur,Senapati,25.268,94.009,1061,35.1,71.5,17.5,61.9,11.5,77.5,4.7,957.9,Shrubland,Clay,Igneous,1.63,0,Pre/Post Monsoon,2019-04-26,1
Senapati,Manipur,Senapati,25.268,94.009,1061,35.1,182.3,27.4,100,11.0,80.2,10.4,956.8,Dense Forest,Sandy Loam,Igneous,11.21,1,Monsoon,2019-06-25,1
Senapati,Manipur,Senapati,25.268,94.009,1061,35.1,198.5,54.2,100,13.3,84.4,11.2,980.5,Open Forest,Clay Loam,Metamorphic,9.32,0,Monsoon,2019-08-24,1
Senapati,Manipur,Senapati,25.268,94.009,1061,35.1,95.6,10.7,83.0,13.9,72.5,6.9,958.9,Barren/Rocky,Clay,Metamorphic,4.12,0,Pre/Post Monsoon,2019-10-23,1
Senapati,Manipur,Senapati,25.268,94.009,1061,35.1,17.4,4.9,29.2,10.6,46.0,6.1,969.1,Agriculture,Clay,Igneous,11.86,0,Winter,2019-12-22,0
Senapati,Manipur,Senapati,25.268,94.009,1061,35.1,32.3,2.4,43.4,13.9,62.6,10.7,976.4,Barren/Rocky,Clay,Soft Sedimentary,8.72,1,Spring,2020-02-20,1
Senapati,Manipur,Senapati,25.268,94.009,1061,35.1,36.0,20.6,43.8,14.4,71.6,2.8,969.7,Barren/Rocky,Clay,Metamorphic,7.6,0,Pre/Post Monsoon,2020-04-20,1
Senapati,Manipur,Senapati,25.268,94.009,1061,35.1,170.3,24.4,100,9.1,92.3,2.9,1008.7,Dense Forest,Clay,Hard Sedimentary,8.39,0,Monsoon,2020-06-19,1
Senapati,Manipur,Senapati,25.268,94.009,1061,35.1,128.1,30.0,100,13.0,82.6,9.9,960.2,Dense Forest,Sandy Clay Loam,Igneous,7.51,1,Monsoon,2020-08-18,1
Senapati,Manipur,Senapati,25.268,94.009,1061,35.1,48.6,17.8,57.5,15.1,76.5,6.7,967.3,Barren/Rocky,Sandy Loam,Soft Sedimentary,5.41,1,Pre/Post Monsoon,2020-10-17,1
Senapati,Manipur,Senapati,25.268,94.009,1061,35.1,13.8,2.3,27.8,20.5,47.6,3.1,972.9,Shrubland,Sandy Clay Loam,Metamorphic,11.91,1,Winter,2020-12-16,0
Senapati,Manipur,Senapati,25.268,94.009,1061,35.1,24.6,7.7,32.5,16.4,67.1,8.1,979.8,Shrubland,Sandy Loam,Mixed,9.66,1,Spring,2021-02-14,1
Senapati,Manipur,Senapati,25.268,94.009,1061,35.1,84.2,19.4,76.1,17.9,81.5,11.0,988.8,Shrubland,Clay,Soft Sedimentary,7.04,0,Pre/Post Monsoon,2021-04-15,1
Senapati,Manipur,Senapati,25.268,94.009,1061,35.1,132.5,31.6,100,17.0,83.6,5.7,980.1,Shrubland,Sandy Loam,Metamorphic,10.99,0,Monsoon,2021-06-14,1
Senapati,Manipur,Senapati,25.268,94.009,1061,35.1,187.1,28.5,100,19.9,82.1,11.7,1001.6,Agriculture,Sandy Clay Loam,Metamorphic,1.27,1,Monsoon,2021-08-13,1
Senapati,Manipur,Senapati,25.268,94.009,1061,35.1,66.4,18.5,68.4,13.8,81.8,11.4,956.5,Open Forest,Clay,Soft Sedimentary,7.51,0,Pre/Post Monsoon,2021-10-12,1
Senapati,Manipur,Senapati,25.268,94.009,1061,35.1,13.0,3.2,26.7,15.7,51.6,3.2,952.7,Dense Forest,Loam,Igneous,1.57,1,Winter,2021-12-11,0
Senapati,Manipur,Senapati,25.268,94.009,1061,35.1,30.9,8.7,40.2,19.6,68.6,9.4,959.3,Agriculture,Clay Loam,Igneous,7.46,0,Spring,2022-02-09,1
Senapati,Manipur,Senapati,25.268,94.009,1061,35.1,47.4,13.9,55.7,10.3,70.9,5.7,1004.1,Shrubland,Clay Loam,Igneous,3.46,0,Pre/Post Monsoon,2022-04-10,0
Senapati,Manipur,Senapati,25.268,94.009,1061,35.1,101.9,23.5,83.6,20.0,91.5,5.3,1009.3,Barren/Rocky,Sandy Loam,Soft Sedimentary,9.99,0,Monsoon,2022-06-09,1
Senapati,Manipur,Senapati,25.268,94.009,1061,35.1,132.7,20.9,100,4.5,96.2,3.4,957.8,Shrubland,Sandy Loam,Soft Sedimentary,8.0,1,Monsoon,2022-08-08,1
Senapati,Manipur,Senapati,25.268,94.009,1061,35.1,77.1,5.3,66.7,6.5,71.6,3.1,953.8,Agriculture,Loam,Mixed,7.21,1,Pre/Post Monsoon,2022-10-07,1
Senapati,Manipur,Senapati,25.268,94.009,1061,35.1,14.5,4.5,29.2,9.3,56.5,2.3,1009.9,Agriculture,Clay,Soft Sedimentary,5.99,0,Winter,2022-12-06,1
Senapati,Manipur,Senapati,25.268,94.009,1061,35.1,26.3,3.5,33.9,14.5,53.2,9.1,972.9,Barren/Rocky,Sandy Clay Loam,Metamorphic,5.55,0,Spring,2023-02-04,1
Senapati,Manipur,Senapati,25.268,94.009,1061,35.1,98.2,18.0,80.7,16.0,84.2,6.5,963.7,Shrubland,Clay,Igneous,5.11,1,Pre/Post Monsoon,2023-04-05,1
Senapati,Manipur,Senapati,25.268,94.009,1061,35.1,138.7,21.1,100,5.5,96.6,2.9,955.8,Shrubland,Sandy Loam,Mixed,0.91,0,Monsoon,2023-06-04,1
Senapati,Manipur,Senapati,25.268,94.009,1061,35.1,143.4,49.9,100,11.2,96.9,2.5,967.3,Shrubland,Loam,Soft Sedimentary,7.02,1,Monsoon,2023-08-03,1
Senapati,Manipur,Senapati,25.268,94.009,1061,35.1,97.8,12.0,79.2,6.3,78.9,4.3,975.7,Barren/Rocky,Sandy Clay Loam,Mixed,8.16,0,Pre/Post Monsoon,2023-10-02,1
Senapati,Manipur,Senapati,25.268,94.009,1061,35.1,0.6,1.4,19.5,19.2,59.1,3.8,958.6,Agriculture,Clay Loam,Hard Sedimentary,8.94,0,Winter,2023-12-01,0
Senapati,Manipur,Senapati,25.268,94.009,1061,35.1,7.5,2.3,17.8,9.4,43.9,11.4,985.8,Dense Forest,Sandy Loam,Hard Sedimentary,9.1,1,Winter,2024-01-30,0
Senapati,Manipur,Senapati,25.268,94.009,1061,35.1,38.2,6.9,44.9,8.8,61.1,3.1,975.8,Shrubland,Sandy Clay Loam,Igneous,6.42,1,Spring,2024-03-30,1
Senapati,Manipur,Senapati,25.268,94.009,1061,35.1,30.6,11.0,39.0,6.7,70.3,5.3,950.5,Agriculture,Sandy Loam,Hard Sedimentary,4.69,0,Pre/Post Monsoon,2024-05-29,1
Senapati,Manipur,Senapati,25.268,94.009,1061,35.1,99.4,49.5,87.1,4.8,80.8,10.6,984.5,Barren/Rocky,Clay,Igneous,3.62,1,Monsoon,2024-07-28,1
Senapati,Manipur,Senapati,25.268,94.009,1061,35.1,94.1,17.4,77.7,19.2,85.8,10.4,964.6,Barren/Rocky,Clay,Mixed,1.13,0,Pre/Post Monsoon,2024-09-26,1
Senapati,Manipur,Senapati,25.268,94.009,1061,35.1,6.7,0.8,22.2,6.3,52.8,11.1,971.0,Open Forest,Sandy Loam,Soft Sedimentary,1.93,1,Winter,2024-11-25,1
Senapati,Manipur,Senapati,25.268,94.009,1061,35.1,3.5,3.9,22.9,16.5,52.4,6.5,1005.4,Barren/Rocky,Sandy Clay Loam,Metamorphic,10.4,0,Winter,2025-01-24,1
Senapati,Manipur,Senapati,25.268,94.009,1061,35.1,31.4,8.3,40.3,13.9,69.9,2.7,977.7,Dense Forest,Clay Loam,Metamorphic,10.01,1,Spring,2025-03-25,1
Senapati,Manipur,Senapati,25.268,94.009,1061,35.1,79.2,15.1,73.3,13.3,76.6,11.0,977.0,Barren/Rocky,Sandy Loam,Metamorphic,7.34,0,Pre/Post Monsoon,2025-05-24,1
Senapati,Manipur,Senapati,25.268,94.009,1061,35.1,103.5,51.0,87.1,15.9,86.2,3.7,964.9,Agriculture,Clay,Mixed,6.37,1,Monsoon,2025-07-23,1
Senapati,Manipur,Senapati,25.268,94.009,1061,35.1,61.0,20.5,63.5,5.3,82.0,5.3,969.8,Barren/Rocky,Clay,Metamorphic,3.17,0,Pre/Post Monsoon,2025-09-21,1
Senapati,Manipur,Senapati,25.268,94.009,1061,35.1,6.7,2.9,23.6,10.1,43.5,9.0,973.5,Barren/Rocky,Clay Loam,Metamorphic,6.8,0,Winter,2025-11-20,0
Tuensang,Nagaland,Tuensang,26.267,94.825,1371,38.0,13.4,4.1,28.1,14.4,58.5,8.5,975.4,Shrubland,Clay Loam,Metamorphic,3.84,0,Winter,2018-01-01,0
Tuensang,Nagaland,Tuensang,26.267,94.825,1371,38.0,21.7,12.0,33.7,8.2,53.9,7.1,982.4,Barren/Rocky,Clay Loam,Metamorphic,10.54,0,Spring,2018-03-02,1
Tuensang,Nagaland,Tuensang,26.267,94.825,1371,38.0,43.0,21.6,49.8,16.4,84.3,6.4,974.7,Open Forest,Clay,Mixed,3.56,0,Pre/Post Monsoon,2018-05-01,1
Tuensang,Nagaland,Tuensang,26.267,94.825,1371,38.0,130.2,47.3,100,16.8,88.4,11.5,1009.1,Agriculture,Loam,Igneous,6.13,1,Monsoon,2018-06-30,1
Tuensang,Nagaland,Tuensang,26.267,94.825,1371,38.0,194.2,20.5,100,13.7,84.5,7.5,956.2,Barren/Rocky,Clay Loam,Metamorphic,1.19,1,Monsoon,2018-08-29,1
Tuensang,Nagaland,Tuensang,26.267,94.825,1371,38.0,96.5,6.8,87.6,16.5,87.8,11.3,974.9,Agriculture,Sandy Clay Loam,Metamorphic,2.98,0,Pre/Post Monsoon,2018-10-28,1
Tuensang,Nagaland,Tuensang,26.267,94.825,1371,38.0,6.4,0.5,20.2,8.8,57.9,2.4,1005.0,Agriculture,Sandy Loam,Igneous,5.49,1,Winter,2018-12-27,1
Tuensang,Nagaland,Tuensang,26.267,94.825,1371,38.0,22.5,3.5,37.4,13.2,73.5,9.8,964.3,Dense Forest,Clay Loam,Hard Sedimentary,5.15,0,Spring,2019-02-25,1
Tuensang,Nagaland,Tuensang,26.267,94.825,1371,38.0,96.9,15.0,81.5,13.5,78.4,9.2,967.5,Dense Forest,Sandy Clay Loam,Metamorphic,3.04,1,Pre/Post Monsoon,2019-04-26,1
Tuensang,Nagaland,Tuensang,26.267,94.825,1371,38.0,158.1,29.4,100,12.1,97.2,7.1,951.2,Agriculture,Clay Loam,Igneous,11.78,1,Monsoon,2019-06-25,1
Tuensang,Nagaland,Tuensang,26.267,94.825,1371,38.0,134.8,44.3,100,15.8,91.3,5.3,952.7,Barren/Rocky,Loam,Hard Sedimentary,10.0,0,Monsoon,2019-08-24,1
Tuensang,Nagaland,Tuensang,26.267,94.825,1371,38.0,80.5,21.2,67.2,15.8,66.6,4.9,952.6,Open Forest,Clay Loam,Metamorphic,11.21,1,Pre/Post Monsoon,2019-10-23,1
Tuensang,Nagaland,Tuensang,26.267,94.825,1371,38.0,5.1,3.8,21.3,9.1,44.8,10.7,969.9,Dense Forest,Loam,Igneous,10.7,0,Winter,2019-12-22,0
Tuensang,Nagaland,Tuensang,26.267,94.825,1371,38.0,26.9,3.9,41.3,9.3,67.3,4.7,955.0,Agriculture,Clay Loam,Igneous,7.31,0,Spring,2020-02-20,1
Tuensang,Nagaland,Tuensang,26.267,94.825,1371,38.0,38.2,11.6,48.5,10.6,72.4,3.7,976.6,Agriculture,Clay Loam,Metamorphic,7.46,1,Pre/Post Monsoon,2020-04-20,1
Tuensang,Nagaland,Tuensang,26.267,94.825,1371,38.0,99.8,40.5,86.9,16.2,86.5,11.5,958.6,Barren/Rocky,Clay,Soft Sedimentary,1.69,1,Monsoon,2020-06-19,1
Tuensang,Nagaland,Tuensang,26.267,94.825,1371,38.0,139.8,37.7,100,14.3,90.9,5.7,995.8,Barren/Rocky,Sandy Loam,Mixed,4.53,1,Monsoon,2020-08-18,1
Tuensang,Nagaland,Tuensang,26.267,94.825,1371,38.0,32.1,8.7,41.1,18.0,77.9,9.7,992.2,Open Forest,Sandy Clay Loam,Metamorphic,8.39,0,Pre/Post Monsoon,2020-10-17,1
Tuensang,Nagaland,Tuensang,26.267,94.825,1371,38.0,17.1,2.3,27.1,10.6,62.5,8.8,1000.7,Shrubland,Loam,Soft Sedimentary,6.69,1,Winter,2020-12-16,1
Tuensang,Nagaland,Tuensang,26.267,94.825,1371,38.0,39.9,11.3,45.1,16.1,65.9,3.2,962.1,Open Forest,Sandy Loam,Igneous,0.51,0,Spring,2021-02-14,1
Tuensang,Nagaland,Tuensang,26.267,94.825,1371,38.0,79.0,6.7,71.1,19.4,72.7,7.3,996.1,Barren/Rocky,Clay Loam,Hard Sedimentary,11.67,0,Pre/Post Monsoon,2021-04-15,1
Tuensang,Nagaland,Tuensang,26.267,94.825,1371,38.0,106.7,48.2,92.8,12.8,89.9,3.3,980.2,Dense Forest,Clay Loam,Mixed,2.01,1,Monsoon,2021-06-14,1
Tuensang,Nagaland,Tuensang,26.267,94.825,1371,38.0,135.0,52.6,100,17.0,96.1,8.4,983.1,Open Forest,Loam,Mixed,6.5,1,Monsoon,2021-08-13,1
Tuensang,Nagaland,Tuensang,26.267,94.825,1371,38.0,43.7,17.5,58.9,8.8,87.6,2.4,1001.8,Dense Forest,Clay Loam,Mixed,3.32,1,Pre/Post Monsoon,2021-10-12,1
Tuensang,Nagaland,Tuensang,26.267,94.825,1371,38.0,10.0,3.1,21.8,18.7,47.2,10.0,991.1,Shrubland,Clay,Soft Sedimentary,8.33,1,Winter,2021-12-11,0
Tuensang,Nagaland,Tuensang,26.267,94.825,1371,38.0,22.1,8.1,34.8,14.9,57.8,10.6,1008.5,Open Forest,Loam,Mixed,6.83,1,Spring,2022-02-09,1
Tuensang,Nagaland,Tuensang,26.267,94.825,1371,38.0,66.0,7.8,63.1,18.6,66.3,6.2,1007.8,Open Forest,Loam,Mixed,8.71,1,Pre/Post Monsoon,2022-04-10,1
Tuensang,Nagaland,Tuensang,26.267,94.825,1371,38.0,154.8,27.3,100,18.6,80.4,11.7,962.9,Shrubland,Clay Loam,Soft Sedimentary,3.52,0,Monsoon,2022-06-09,1
Tuensang,Nagaland,Tuensang,26.267,94.825,1371,38.0,127.1,15.3,96.3,5.6,81.9,5.7,974.2,Dense Forest,Clay,Soft Sedimentary,6.93,1,Monsoon,2022-08-08,1
Tuensang,Nagaland,Tuensang,26.267,94.825,1371,38.0,60.9,14.0,62.3,16.6,78.7,8.1,957.7,Dense Forest,Clay,Metamorphic,9.58,1,Pre/Post Monsoon,2022-10-07,1
Tuensang,Nagaland,Tuensang,26.267,94.825,1371,38.0,4.0,2.5,16.9,4.2,52.5,5.3,978.4,Agriculture,Sandy Loam,Mixed,10.74,1,Winter,2022-12-06,1
Tuensang,Nagaland,Tuensang,26.267,94.825,1371,38.0,20.7,11.9,33.7,8.2,68.5,10.3,981.9,Barren/Rocky,Loam,Igneous,9.83,1,Spring,2023-02-04,0
Tuensang,Nagaland,Tuensang,26.267,94.825,1371,38.0,76.7,20.9,66.5,14.4,83.1,6.7,1008.0,Barren/Rocky,Sandy Clay Loam,Hard Sedimentary,8.71,0,Pre/Post Monsoon,2023-04-05,1
Tuensang,Nagaland,Tuensang,26.267,94.825,1371,38.0,109.2,42.2,84.4,18.6,80.6,2.2,968.8,Open Forest,Clay,Hard Sedimentary,5.04,0,Monsoon,2023-06-04,1
Tuensang,Nagaland,Tuensang,26.267,94.825,1371,38.0,181.8,35.7,100,19.4,90.1,5.8,1007.4,Agriculture,Sandy Clay Loam,Metamorphic,6.65,0,Monsoon,2023-08-03,1
Tuensang,Nagaland,Tuensang,26.267,94.825,1371,38.0,78.8,8.8,65.5,12.4,71.2,11.7,967.9,Shrubland,Sandy Loam,Igneous,3.94,1,Pre/Post Monsoon,2023-10-02,1
Tuensang,Nagaland,Tuensang,26.267,94.825,1371,38.0,5.8,2.9,20.9,17.8,53.6,5.5,996.4,Open Forest,Loam,Soft Sedimentary,3.59,0,Winter,2023-12-01,0
Tuensang,Nagaland,Tuensang,26.267,94.825,1371,38.0,13.1,3.7,20.8,16.7,45.3,7.6,966.3,Dense Forest,Sandy Clay Loam,Mixed,3.02,1,Winter,2024-01-30,1
Tuensang,Nagaland,Tuensang,26.267,94.825,1371,38.0,37.3,2.5,37.7,14.9,60.3,9.7,950.3,Barren/Rocky,Sandy Loam,Igneous,7.9,0,Spring,2024-03-30,1
Tuensang,Nagaland,Tuensang,26.267,94.825,1371,38.0,90.5,10.7,77.7,4.4,72.1,8.5,963.9,Dense Forest,Sandy Loam,Igneous,10.61,1,Pre/Post Monsoon,2024-05-29,1
Tuensang,Nagaland,Tuensang,26.267,94.825,1371,38.0,192.4,22.5,100,17.4,93.5,2.4,967.9,Barren/Rocky,Clay Loam,Metamorphic,3.56,0,Monsoon,2024-07-28,1
Tuensang,Nagaland,Tuensang,26.267,94.825,1371,38.0,101.1,7.7,85.9,7.8,77.6,5.3,993.9,Shrubland,Sandy Loam,Soft Sedimentary,8.89,0,Pre/Post Monsoon,2024-09-26,1
Tuensang,Nagaland,Tuensang,26.267,94.825,1371,38.0,3.5,4.3,23.9,16.7,62.4,2.9,990.2,Open Forest,Sandy Loam,Igneous,4.02,1,Winter,2024-11-25,1
Tuensang,Nagaland,Tuensang,26.267,94.825,1371,38.0,8.9,1.3,22.5,12.7,48.2,4.6,971.6,Open Forest,Clay Loam,Soft Sedimentary,5.69,1,Winter,2025-01-24,1
Tuensang,Nagaland,Tuensang,26.267,94.825,1371,38.0,39.2,8.4,44.5,9.3,73.5,11.6,978.7,Agriculture,Sandy Clay Loam,Metamorphic,5.11,1,Spring,2025-03-25,1
Tuensang,Nagaland,Tuensang,26.267,94.825,1371,38.0,90.9,18.6,78.2,16.0,79.9,7.3,971.7,Barren/Rocky,Clay Loam,Soft Sedimentary,9.98,0,Pre/Post Monsoon,2025-05-24,1
Tuensang,Nagaland,Tuensang,26.267,94.825,1371,38.0,111.4,49.2,94.2,14.3,88.0,6.9,1003.9,Agriculture,Clay Loam,Igneous,1.76,1,Monsoon,2025-07-23,1
Tuensang,Nagaland,Tuensang,26.267,94.825,1371,38.0,83.8,11.2,64.1,7.5,65.5,4.2,954.4,Agriculture,Loam,Soft Sedimentary,6.59,1,Pre/Post Monsoon,2025-09-21,1
Tuensang,Nagaland,Tuensang,26.267,94.825,1371,38.0,0.6,2.0,25.9,15.7,59.2,8.5,975.2,Agriculture,Clay,Igneous,4.63,0,Winter,2025-11-20,0
Mokokchung,Nagaland,Mokokchung,26.324,94.526,1325,33.5,13.1,1.7,23.0,12.2,44.5,9.3,963.4,Dense Forest,Clay Loam,Metamorphic,5.66,0,Winter,2018-01-01,0
Mokokchung,Nagaland,Mokokchung,26.324,94.526,1325,33.5,43.8,4.5,49.0,8.0,58.7,9.3,956.8,Agriculture,Sandy Clay Loam,Soft Sedimentary,3.04,1,Spring,2018-03-02,0
Mokokchung,Nagaland,Mokokchung,26.324,94.526,1325,33.5,77.8,19.1,65.0,15.4,66.2,4.3,963.0,Dense Forest,Sandy Loam,Mixed,11.92,1,Pre/Post Monsoon,2018-05-01,1
Mokokchung,Nagaland,Mokokchung,26.324,94.526,1325,33.5,165.1,45.9,100,7.4,94.7,11.9,981.3,Agriculture,Loam,Metamorphic,0.92,0,Monsoon,2018-06-30,1
Mokokchung,Nagaland,Mokokchung,26.324,94.526,1325,33.5,171.4,32.1,100,19.1,88.9,8.7,997.1,Shrubland,Clay,Igneous,1.96,1,Monsoon,2018-08-29,1
Mokokchung,Nagaland,Mokokchung,26.324,94.526,1325,33.5,49.3,9.5,57.0,5.9,86.4,2.6,974.8,Agriculture,Sandy Clay Loam,Mixed,1.78,1,Pre/Post Monsoon,2018-10-28,1
Mokokchung,Nagaland,Mokokchung,26.324,94.526,1325,33.5,18.4,4.2,21.9,15.2,42.3,4.7,990.4,Barren/Rocky,Clay Loam,Soft Sedimentary,2.42,0,Winter,2018-12-27,0
Mokokchung,Nagaland,Mokokchung,26.324,94.526,1325,33.5,31.8,10.7,33.0,18.9,58.3,11.4,1007.7,Dense Forest,Clay,Hard Sedimentary,8.41,0,Spring,2019-02-25,1
Mokokchung,Nagaland,Mokokchung,26.324,94.526,1325,33.5,74.2,20.5,65.5,12.1,74.5,4.6,980.8,Agriculture,Clay,Soft Sedimentary,9.67,0,Pre/Post Monsoon,2019-04-26,1
Mokokchung,Nagaland,Mokokchung,26.324,94.526,1325,33.5,208.9,29.8,100,12.6,87.5,3.5,965.6,Barren/Rocky,Sandy Clay Loam,Igneous,3.68,1,Monsoon,2019-06-25,1
Mokokchung,Nagaland,Mokokchung,26.324,94.526,1325,33.5,154.9,41.2,100,7.7,92.3,11.7,988.5,Agriculture,Clay,Hard Sedimentary,8.85,1,Monsoon,2019-08-24,1
Mokokchung,Nagaland,Mokokchung,26.324,94.526,1325,33.5,44.7,22.8,56.3,18.9,89.8,10.4,954.5,Dense Forest,Clay Loam,Igneous,1.82,0,Pre/Post Monsoon,2019-10-23,1
Mokokchung,Nagaland,Mokokchung,26.324,94.526,1325,33.5,0.2,2.5,19.0,13.5,49.3,8.2,979.0,Agriculture,Clay Loam,Soft Sedimentary,6.48,1,Winter,2019-12-22,0
Mokokchung,Nagaland,Mokokchung,26.324,94.526,1325,33.5,33.8,4.9,39.8,14.7,62.6,11.4,960.8,Dense Forest,Sandy Clay Loam,Hard Sedimentary,3.04,0,Spring,2020-02-20,1
Mokokchung,Nagaland,Mokokchung,26.324,94.526,1325,33.5,51.4,12.9,54.9,10.1,74.3,11.9,963.6,Dense Forest,Clay Loam,Soft Sedimentary,4.98,1,Pre/Post Monsoon,2020-04-20,1
Mokokchung,Nagaland,Mokokchung,26.324,94.526,1325,33.5,181.4,18.3,100,13.9,95.2,11.8,1008.4,Barren/Rocky,Clay Loam,Hard Sedimentary,2.69,0,Monsoon,2020-06-19,1
Mokokchung,Nagaland,Mokokchung,26.324,94.526,1325,33.5,125.2,52.0,100,8.1,92.3,8.6,960.8,Shrubland,Clay Loam,Hard Sedimentary,7.13,0,Monsoon,2020-08-18,1
Mokokchung,Nagaland,Mokokchung,26.324,94.526,1325,33.5,104.3,11.0,88.5,12.7,79.1,8.8,982.4,Agriculture,Sandy Loam,Soft Sedimentary,6.11,0,Pre/Post Monsoon,2020-10-17,1
Mokokchung,Nagaland,Mokokchung,26.324,94.526,1325,33.5,4.6,0.4,22.8,13.4,55.1,11.7,969.6,Shrubland,Clay,Igneous,2.89,0,Winter,2020-12-16,0
Mokokchung,Nagaland,Mokokchung,26.324,94.526,1325,33.5,38.8,8.6,42.6,13.5,52.1,9.1,954.9,Open Forest,Clay,Hard Sedimentary,8.93,1,Spring,2021-02-14,1
Mokokchung,Nagaland,Mokokchung,26.324,94.526,1325,33.5,105.4,13.9,83.3,5.2,84.0,6.3,983.4,Barren/Rocky,Clay,Soft Sedimentary,0.51,1,Pre/Post Monsoon,2021-04-15,1
Mokokchung,Nagaland,Mokokchung,26.324,94.526,1325,33.5,202.3,15.5,100,16.1,87.4,7.6,1009.6,Open Forest,Sandy Clay Loam,Mixed,2.2,1,Monsoon,2021-06-14,1
Mokokchung,Nagaland,Mokokchung,26.324,94.526,1325,33.5,124.9,20.8,95.7,8.0,83.0,9.8,971.7,Open Forest,Clay,Mixed,7.48,1,Monsoon,2021-08-13,1
Mokokchung,Nagaland,Mokokchung,26.324,94.526,1325,33.5,105.9,11.6,84.7,16.4,80.5,5.3,998.9,Barren/Rocky,Sandy Loam,Metamorphic,3.98,0,Pre/Post Monsoon,2021-10-12,1
Mokokchung,Nagaland,Mokokchung,26.324,94.526,1325,33.5,3.6,2.0,20.1,15.3,48.0,11.7,996.9,Shrubland,Clay,Metamorphic,9.83,1,Winter,2021-12-11,0
Mokokchung,Nagaland,Mokokchung,26.324,94.526,1325,33.5,35.7,7.5,47.6,12.4,67.0,6.6,992.5,Agriculture,Loam,Soft Sedimentary,9.86,0,Spring,2022-02-09,0
Mokokchung,Nagaland,Mokokchung,26.324,94.526,1325,33.5,41.1,11.1,46.8,6.0,71.3,5.8,976.9,Barren/Rocky,Clay,Mixed,4.93,0,Pre/Post Monsoon,2022-04-10,0
Mokokchung,Nagaland,Mokokchung,26.324,94.526,1325,33.5,160.7,46.6,100,17.9,86.5,8.4,955.1,Open Forest,Loam,Hard Sedimentary,7.83,1,Monsoon,2022-06-09,1
Mokokchung,Nagaland,Mokokchung,26.324,94.526,1325,33.5,215.7,28.3,100,5.3,94.3,4.2,994.8,Barren/Rocky,Sandy Clay Loam,Mixed,2.81,1,Monsoon,2022-08-08,1
Mokokchung,Nagaland,Mokokchung,26.324,94.526,1325,33.5,57.6,5.5,60.0,10.2,67.6,3.2,1006.4,Open Forest,Loam,Metamorphic,4.25,0,Pre/Post Monsoon,2022-10-07,1
Mokokchung,Nagaland,Mokokchung,26.324,94.526,1325,33.5,9.5,2.2,23.3,8.7,57.4,10.1,956.9,Shrubland,Clay Loam,Hard Sedimentary,11.17,0,Winter,2022-12-06,0
Mokokchung,Nagaland,Mokokchung,26.324,94.526,1325,33.5,26.6,6.3,37.5,16.3,61.6,3.9,989.4,Agriculture,Clay Loam,Mixed,10.62,1,Spring,2023-02-04,1
Mokokchung,Nagaland,Mokokchung,26.324,94.526,1325,33.5,86.4,9.1,72.5,16.5,83.8,3.0,1002.3,Open Forest,Loam,Metamorphic,2.53,1,Pre/Post Monsoon,2023-04-05,1
Mokokchung,Nagaland,Mokokchung,26.324,94.526,1325,33.5,158.6,40.6,100,13.4,90.7,5.5,1000.7,Barren/Rocky,Sandy Loam,Metamorphic,11.04,0,Monsoon,2023-06-04,1
Mokokchung,Nagaland,Mokokchung,26.324,94.526,1325,33.5,105.3,27.2,87.2,14.7,83.3,6.2,958.3,Agriculture,Clay,Hard Sedimentary,5.94,0,Monsoon,2023-08-03,1
Mokokchung,Nagaland,Mokokchung,26.324,94.526,1325,33.5,74.4,14.8,64.4,8.6,68.5,2.5,971.5,Dense Forest,Clay,Hard Sedimentary,2.5,1,Pre/Post Monsoon,2023-10-02,1
Mokokchung,Nagaland,Mokokchung,26.324,94.526,1325,33.5,8.2,2.5,21.4,10.7,57.8,7.7,997.8,Open Forest,Loam,Soft Sedimentary,3.44,0,Winter,2023-12-01,0
Mokokchung,Nagaland,Mokokchung,26.324,94.526,1325,33.5,11.3,3.9,25.3,11.8,52.4,4.7,982.6,Shrubland,Sandy Clay Loam,Soft Sedimentary,9.17,1,Winter,2024-01-30,0
Mokokchung,Nagaland,Mokokchung,26.324,94.526,1325,33.5,18.6,10.3,39.3,8.3,68.8,6.5,970.9,Dense Forest,Clay,Soft Sedimentary,9.35,1,Spring,2024-03-30,1
Mokokchung,Nagaland,Mokokchung,26.324,94.526,1325,33.5,98.9,17.2,83.7,13.4,75.7,10.1,998.3,Barren/Rocky,Loam,Mixed,3.52,0,Pre/Post Monsoon,2024-05-29,1
Mokokchung,Nagaland,Mokokchung,26.324,94.526,1325,33.5,127.6,25.7,100,19.4,95.4,3.0,1007.8,Agriculture,Clay Loam,Metamorphic,10.43,1,Monsoon,2024-07-28,1
Mokokchung,Nagaland,Mokokchung,26.324,94.526,1325,33.5,41.7,11.4,46.8,17.1,71.2,3.4,987.9,Agriculture,Clay,Igneous,1.09,0,Pre/Post Monsoon,2024-09-26,0
Mokokchung,Nagaland,Mokokchung,26.324,94.526,1325,33.5,10.3,1.4,32.4,9.5,63.4,5.3,950.1,Dense Forest,Clay,Metamorphic,10.23,0,Winter,2024-11-25,0
Mokokchung,Nagaland,Mokokchung,26.324,94.526,1325,33.5,16.5,2.5,26.4,8.1,48.1,3.3,1001.1,Shrubland,Clay Loam,Soft Sedimentary,1.37,0,Winter,2025-01-24,1
Mokokchung,Nagaland,Mokokchung,26.324,94.526,1325,33.5,47.5,3.6,46.9,19.5,61.4,12.0,1004.6,Shrubland,Sandy Loam,Metamorphic,1.3,1,Spring,2025-03-25,1
Mokokchung,Nagaland,Mokokchung,26.324,94.526,1325,33.5,34.1,17.5,47.2,15.7,83.1,2.9,955.7,Open Forest,Clay,Soft Sedimentary,1.77,1,Pre/Post Monsoon,2025-05-24,1
Mokokchung,Nagaland,Mokokchung,26.324,94.526,1325,33.5,91.0,28.7,80.8,17.3,82.2,6.8,963.7,Dense Forest,Clay Loam,Soft Sedimentary,3.9,0,Monsoon,2025-07-23,1
Mokokchung,Nagaland,Mokokchung,26.324,94.526,1325,33.5,81.3,18.5,69.2,12.6,66.7,3.6,971.1,Open Forest,Sandy Loam,Igneous,7.47,1,Pre/Post Monsoon,2025-09-21,1
Mokokchung,Nagaland,Mokokchung,26.324,94.526,1325,33.5,2.8,0.6,21.2,9.2,58.3,9.9,964.9,Dense Forest,Sandy Loam,Mixed,7.29,0,Winter,2025-11-20,1
Aizawl,Mizoram,Aizawl,23.7271,92.7176,1132,30.2,17.0,3.3,26.1,12.5,47.5,9.5,967.7,Dense Forest,Sandy Loam,Igneous,4.75,1,Winter,2018-01-01,1
Aizawl,Mizoram,Aizawl,23.7271,92.7176,1132,30.2,33.5,11.8,40.9,19.2,74.7,10.6,984.1,Shrubland,Sandy Clay Loam,Hard Sedimentary,9.2,0,Spring,2018-03-02,1
Aizawl,Mizoram,Aizawl,23.7271,92.7176,1132,30.2,77.0,5.3,71.5,19.0,70.4,6.0,967.2,Barren/Rocky,Clay,Igneous,8.48,1,Pre/Post Monsoon,2018-05-01,1
Aizawl,Mizoram,Aizawl,23.7271,92.7176,1132,30.2,126.1,27.4,100,7.5,89.2,7.4,973.4,Dense Forest,Loam,Igneous,8.81,0,Monsoon,2018-06-30,1
Aizawl,Mizoram,Aizawl,23.7271,92.7176,1132,30.2,210.2,19.6,100,5.1,91.0,8.6,960.5,Dense Forest,Sandy Loam,Soft Sedimentary,2.13,0,Monsoon,2018-08-29,1
Aizawl,Mizoram,Aizawl,23.7271,92.7176,1132,30.2,43.4,7.5,57.3,8.5,84.5,9.7,951.8,Agriculture,Loam,Mixed,0.95,0,Pre/Post Monsoon,2018-10-28,1
Aizawl,Mizoram,Aizawl,23.7271,92.7176,1132,30.2,9.9,2.6,16.6,18.0,41.4,3.6,996.4,Barren/Rocky,Clay Loam,Hard Sedimentary,8.94,1,Winter,2018-12-27,1
Aizawl,Mizoram,Aizawl,23.7271,92.7176,1132,30.2,23.6,6.7,38.1,6.6,59.6,10.6,983.2,Agriculture,Sandy Loam,Metamorphic,3.13,0,Spring,2019-02-25,1
Aizawl,Mizoram,Aizawl,23.7271,92.7176,1132,30.2,75.7,7.4,67.5,5.1,81.8,7.2,952.8,Agriculture,Clay Loam,Igneous,10.42,0,Pre/Post Monsoon,2019-04-26,1
Aizawl,Mizoram,Aizawl,23.7271,92.7176,1132,30.2,161.9,15.3,100,13.2,83.6,8.2,977.8,Barren/Rocky,Clay,Hard Sedimentary,8.84,0,Monsoon,2019-06-25,1
Aizawl,Mizoram,Aizawl,23.7271,92.7176,1132,30.2,90.8,31.4,82.8,9.8,84.2,10.8,1007.1,Dense Forest,Clay,Metamorphic,1.43,0,Monsoon,2019-08-24,1
Aizawl,Mizoram,Aizawl,23.7271,92.7176,1132,30.2,106.9,24.5,78.2,8.7,68.6,4.3,1000.7,Agriculture,Loam,Igneous,11.7,1,Pre/Post Monsoon,2019-10-23,1
Aizawl,Mizoram,Aizawl,23.7271,92.7176,1132,30.2,12.7,2.0,27.8,5.2,54.8,3.3,967.5,Shrubland,Clay,Metamorphic,3.95,1,Winter,2019-12-22,0
Aizawl,Mizoram,Aizawl,23.7271,92.7176,1132,30.2,19.8,9.7,28.8,5.9,52.7,5.1,957.2,Shrubland,Sandy Loam,Igneous,3.84,1,Spring,2020-02-20,1
Aizawl,Mizoram,Aizawl,23.7271,92.7176,1132,30.2,94.6,11.1,78.1,13.9,82.6,10.6,958.9,Open Forest,Loam,Igneous,6.26,0,Pre/Post Monsoon,2020-04-20,1
Aizawl,Mizoram,Aizawl,23.7271,92.7176,1132,30.2,94.0,31.2,80.1,16.2,88.1,6.6,998.2,Open Forest,Clay Loam,Soft Sedimentary,0.93,0,Monsoon,2020-06-19,1
Aizawl,Mizoram,Aizawl,23.7271,92.7176,1132,30.2,197.1,29.9,100,14.5,91.3,4.6,998.8,Dense Forest,Clay Loam,Hard Sedimentary,10.85,0,Monsoon,2020-08-18,1
Aizawl,Mizoram,Aizawl,23.7271,92.7176,1132,30.2,39.8,23.8,44.4,19.0,66.3,9.2,979.8,Agriculture,Clay,Hard Sedimentary,4.38,0,Pre/Post Monsoon,2020-10-17,0
Aizawl,Mizoram,Aizawl,23.7271,92.7176,1132,30.2,17.7,0.2,27.1,8.2,55.5,6.1,983.0,Dense Forest,Clay Loam,Metamorphic,4.72,0,Winter,2020-12-16,0
Aizawl,Mizoram,Aizawl,23.7271,92.7176,1132,30.2,37.1,10.0,47.7,20.1,69.9,5.6,982.7,Agriculture,Loam,Mixed,6.13,1,Spring,2021-02-14,1
Aizawl,Mizoram,Aizawl,23.7271,92.7176,1132,30.2,77.8,5.6,75.7,8.7,85.3,6.7,971.4,Barren/Rocky,Sandy Loam,Hard Sedimentary,1.38,0,Pre/Post Monsoon,2021-04-15,1
Aizawl,Mizoram,Aizawl,23.7271,92.7176,1132,30.2,189.3,52.9,100,19.9,90.4,11.4,1009.5,Open Forest,Sandy Loam,Hard Sedimentary,7.19,0,Monsoon,2021-06-14,1
Aizawl,Mizoram,Aizawl,23.7271,92.7176,1132,30.2,181.4,29.1,100,6.5,90.2,10.4,998.6,Agriculture,Sandy Clay Loam,Metamorphic,2.27,1,Monsoon,2021-08-13,1
Aizawl,Mizoram,Aizawl,23.7271,92.7176,1132,30.2,31.6,14.6,46.1,14.1,73.3,5.4,960.6,Shrubland,Clay Loam,Soft Sedimentary,1.94,0,Pre/Post Monsoon,2021-10-12,1
Aizawl,Mizoram,Aizawl,23.7271,92.7176,1132,30.2,16.9,4.3,36.1,10.2,64.0,6.0,956.1,Shrubland,Loam,Hard Sedimentary,11.72,0,Winter,2021-12-11,0
Aizawl,Mizoram,Aizawl,23.7271,92.7176,1132,30.2,37.7,3.7,51.0,15.3,74.2,9.9,963.4,Barren/Rocky,Sandy Loam,Igneous,3.82,0,Spring,2022-02-09,1
Aizawl,Mizoram,Aizawl,23.7271,92.7176,1132,30.2,105.9,24.0,89.1,20.1,74.8,2.3,986.1,Barren/Rocky,Sandy Loam,Mixed,1.43,0,Pre/Post Monsoon,2022-04-10,1
Aizawl,Mizoram,Aizawl,23.7271,92.7176,1132,30.2,120.9,54.3,91.5,18.4,83.0,9.1,988.3,Shrubland,Clay,Soft Sedimentary,3.33,1,Monsoon,2022-06-09,1
Aizawl,Mizoram,Aizawl,23.7271,92.7176,1132,30.2,192.3,43.8,100,11.2,80.9,3.7,974.8,Agriculture,Loam,Mixed,4.63,0,Monsoon,2022-08-08,1
Aizawl,Mizoram,Aizawl,23.7271,92.7176,1132,30.2,43.0,6.5,52.0,8.9,86.1,11.5,954.5,Open Forest,Clay,Hard Sedimentary,8.84,0,Pre/Post Monsoon,2022-10-07,1
Aizawl,Mizoram,Aizawl,23.7271,92.7176,1132,30.2,6.8,4.9,24.8,15.5,62.3,8.5,986.4,Agriculture,Sandy Loam,Soft Sedimentary,1.39,1,Winter,2022-12-06,0
Aizawl,Mizoram,Aizawl,23.7271,92.7176,1132,30.2,38.1,5.0,39.8,10.5,52.4,6.9,953.3,Dense Forest,Clay,Soft Sedimentary,3.68,0,Spring,2023-02-04,0
Aizawl,Mizoram,Aizawl,23.7271,92.7176,1132,30.2,37.8,9.1,48.8,19.9,81.0,3.2,997.1,Agriculture,Clay,Metamorphic,1.28,0,Pre/Post Monsoon,2023-04-05,0
Aizawl,Mizoram,Aizawl,23.7271,92.7176,1132,30.2,138.0,32.8,100,11.7,84.7,4.7,953.7,Dense Forest,Clay Loam,Metamorphic,9.74,0,Monsoon,2023-06-04,1
Aizawl,Mizoram,Aizawl,23.7271,92.7176,1132,30.2,162.0,48.6,100,10.9,94.7,10.7,978.5,Open Forest,Clay,Metamorphic,1.13,0,Monsoon,2023-08-03,1
Aizawl,Mizoram,Aizawl,23.7271,92.7176,1132,30.2,39.6,20.1,50.8,20.0,69.3,10.1,957.6,Agriculture,Clay Loam,Igneous,2.58,0,Pre/Post Monsoon,2023-10-02,1
Aizawl,Mizoram,Aizawl,23.7271,92.7176,1132,30.2,6.4,3.6,25.1,5.6,60.2,7.5,1001.4,Barren/Rocky,Clay,Soft Sedimentary,9.48,0,Winter,2023-12-01,0
Aizawl,Mizoram,Aizawl,23.7271,92.7176,1132,30.2,2.3,0.7,24.8,13.5,54.2,3.0,956.3,Dense Forest,Loam,Mixed,10.59,0,Winter,2024-01-30,0
Aizawl,Mizoram,Aizawl,23.7271,92.7176,1132,30.2,35.0,6.7,39.5,10.7,54.3,8.8,974.1,Agriculture,Loam,Hard Sedimentary,0.78,0,Spring,2024-03-30,0
Aizawl,Mizoram,Aizawl,23.7271,92.7176,1132,30.2,31.6,21.3,42.7,8.7,72.6,9.0,955.9,Open Forest,Sandy Loam,Metamorphic,11.7,0,Pre/Post Monsoon,2024-05-29,1
Aizawl,Mizoram,Aizawl,23.7271,92.7176,1132,30.2,184.7,39.2,100,11.3,81.6,6.1,979.1,Barren/Rocky,Loam,Soft Sedimentary,6.28,1,Monsoon,2024-07-28,1
Aizawl,Mizoram,Aizawl,23.7271,92.7176,1132,30.2,40.9,22.0,49.8,4.7,87.0,10.3,1000.2,Open Forest,Clay Loam,Igneous,0.8,1,Pre/Post Monsoon,2024-09-26,1
Aizawl,Mizoram,Aizawl,23.7271,92.7176,1132,30.2,16.5,2.5,23.9,6.2,55.9,5.7,985.6,Open Forest,Clay,Mixed,6.71,1,Winter,2024-11-25,1
Aizawl,Mizoram,Aizawl,23.7271,92.7176,1132,30.2,15.0,3.4,21.4,10.4,47.1,7.7,1007.9,Open Forest,Sandy Loam,Hard Sedimentary,3.38,1,Winter,2025-01-24,1
Aizawl,Mizoram,Aizawl,23.7271,92.7176,1132,30.2,31.6,3.3,33.6,17.0,54.3,8.1,1006.6,Shrubland,Clay,Igneous,10.25,0,Spring,2025-03-25,0
Aizawl,Mizoram,Aizawl,23.7271,92.7176,1132,30.2,84.2,21.5,72.6,5.9,74.9,8.6,1000.6,Shrubland,Sandy Clay Loam,Mixed,7.39,1,Pre/Post Monsoon,2025-05-24,1
Aizawl,Mizoram,Aizawl,23.7271,92.7176,1132,30.2,133.7,26.1,100,8.7,85.9,11.5,989.1,Open Forest,Sandy Loam,Mixed,9.23,0,Monsoon,2025-07-23,1
Aizawl,Mizoram,Aizawl,23.7271,92.7176,1132,30.2,82.8,18.6,79.6,14.7,83.0,4.6,975.1,Agriculture,Clay Loam,Mixed,8.56,0,Pre/Post Monsoon,2025-09-21,1
Aizawl,Mizoram,Aizawl,23.7271,92.7176,1132,30.2,13.7,3.2,24.3,19.3,51.9,5.0,960.2,Barren/Rocky,Sandy Loam,Metamorphic,1.35,1,Winter,2025-11-20,0
Lunglei,Mizoram,Lunglei,22.882,92.733,1222,34.7,18.9,4.5,27.4,7.5,56.4,10.7,975.2,Shrubland,Loam,Metamorphic,7.11,1,Winter,2018-01-01,1
Lunglei,Mizoram,Lunglei,22.882,92.733,1222,34.7,45.3,7.8,54.6,5.1,73.6,7.0,1002.0,Agriculture,Sandy Clay Loam,Metamorphic,5.07,0,Spring,2018-03-02,1
Lunglei,Mizoram,Lunglei,22.882,92.733,1222,34.7,57.4,24.7,58.6,19.7,87.3,10.6,960.8,Dense Forest,Clay,Metamorphic,7.65,1,Pre/Post Monsoon,2018-05-01,1
Lunglei,Mizoram,Lunglei,22.882,92.733,1222,34.7,148.8,23.4,100,13.1,93.9,9.9,996.8,Open Forest,Sandy Clay Loam,Igneous,7.68,1,Monsoon,2018-06-30,1
Lunglei,Mizoram,Lunglei,22.882,92.733,1222,34.7,90.6,36.4,86.4,19.1,93.2,9.6,981.9,Dense Forest,Clay Loam,Hard Sedimentary,2.87,0,Monsoon,2018-08-29,1
Lunglei,Mizoram,Lunglei,22.882,92.733,1222,34.7,60.7,16.8,55.6,17.1,69.2,4.9,993.7,Barren/Rocky,Sandy Clay Loam,Metamorphic,5.32,0,Pre/Post Monsoon,2018-10-28,0
Lunglei,Mizoram,Lunglei,22.882,92.733,1222,34.7,7.2,0.9,25.3,18.6,63.7,4.3,993.6,Open Forest,Sandy Loam,Soft Sedimentary,7.16,1,Winter,2018-12-27,1
Lunglei,Mizoram,Lunglei,22.882,92.733,1222,34.7,28.1,8.4,40.7,13.9,69.3,2.5,956.5,Dense Forest,Clay Loam,Soft Sedimentary,5.12,1,Spring,2019-02-25,0
Lunglei,Mizoram,Lunglei,22.882,92.733,1222,34.7,86.1,9.1,75.3,4.1,82.1,3.0,981.2,Barren/Rocky,Sandy Clay Loam,Hard Sedimentary,5.14,0,Pre/Post Monsoon,2019-04-26,1
Lunglei,Mizoram,Lunglei,22.882,92.733,1222,34.7,126.8,46.4,100,13.7,89.0,10.3,1008.4,Shrubland,Clay,Metamorphic,2.09,0,Monsoon,2019-06-25,1
Lunglei,Mizoram,Lunglei,22.882,92.733,1222,34.7,133.0,15.1,100,18.4,92.1,8.7,958.9,Dense Forest,Sandy Clay Loam,Soft Sedimentary,8.74,1,Monsoon,2019-08-24,1
Lunglei,Mizoram,Lunglei,22.882,92.733,1222,34.7,66.5,24.5,64.8,4.7,71.6,10.7,1001.1,Shrubland,Loam,Igneous,8.91,1,Pre/Post Monsoon,2019-10-23,1
Lunglei,Mizoram,Lunglei,22.882,92.733,1222,34.7,0.2,0.7,23.7,9.2,56.2,11.6,966.1,Dense Forest,Loam,Metamorphic,2.36,1,Winter,2019-12-22,1
Lunglei,Mizoram,Lunglei,22.882,92.733,1222,34.7,44.2,8.9,49.9,10.7,62.0,3.7,958.0,Dense Forest,Sandy Loam,Soft Sedimentary,5.11,0,Spring,2020-02-20,0
Lunglei,Mizoram,Lunglei,22.882,92.733,1222,34.7,44.5,12.6,52.2,4.4,74.0,10.4,1008.4,Open Forest,Clay,Igneous,1.53,1,Pre/Post Monsoon,2020-04-20,1
Lunglei,Mizoram,Lunglei,22.882,92.733,1222,34.7,175.1,15.5,100,12.3,95.6,9.2,963.4,Shrubland,Sandy Clay Loam,Mixed,8.32,0,Monsoon,2020-06-19,1
Lunglei,Mizoram,Lunglei,22.882,92.733,1222,34.7,152.7,41.5,100,6.3,91.5,10.9,986.8,Dense Forest,Sandy Loam,Mixed,10.22,0,Monsoon,2020-08-18,1
Lunglei,Mizoram,Lunglei,22.882,92.733,1222,34.7,90.1,11.4,75.3,8.4,73.3,7.5,972.7,Open Forest,Clay Loam,Igneous,5.44,0,Pre/Post Monsoon,2020-10-17,1
Lunglei,Mizoram,Lunglei,22.882,92.733,1222,34.7,8.9,0.6,19.3,14.4,52.4,6.1,983.4,Dense Forest,Clay Loam,Mixed,11.57,0,Winter,2020-12-16,0
Lunglei,Mizoram,Lunglei,22.882,92.733,1222,34.7,37.9,6.6,44.5,17.1,58.5,10.4,969.9,Barren/Rocky,Sandy Clay Loam,Igneous,8.66,1,Spring,2021-02-14,1
Lunglei,Mizoram,Lunglei,22.882,92.733,1222,34.7,90.7,9.4,80.3,17.2,73.5,4.9,981.3,Dense Forest,Clay Loam,Hard Sedimentary,6.01,0,Pre/Post Monsoon,2021-04-15,1
Lunglei,Mizoram,Lunglei,22.882,92.733,1222,34.7,103.9,39.4,85.3,18.8,83.4,6.6,996.9,Shrubland,Clay Loam,Igneous,0.75,0,Monsoon,2021-06-14,1
Lunglei,Mizoram,Lunglei,22.882,92.733,1222,34.7,190.4,33.0,100,19.2,91.9,7.0,981.8,Dense Forest,Sandy Clay Loam,Igneous,10.1,0,Monsoon,2021-08-13,1
Lunglei,Mizoram,Lunglei,22.882,92.733,1222,34.7,85.3,8.5,78.4,5.6,85.4,8.1,969.3,Agriculture,Clay,Mixed,11.01,0,Pre/Post Monsoon,2021-10-12,1
Lunglei,Mizoram,Lunglei,22.882,92.733,1222,34.7,19.4,2.3,27.8,10.5,43.3,9.5,967.9,Barren/Rocky,Loam,Mixed,7.66,1,Winter,2021-12-11,1
Lunglei,Mizoram,Lunglei,22.882,92.733,1222,34.7,39.0,11.2,44.9,15.3,53.3,3.8,982.5,Shrubland,Clay Loam,Metamorphic,6.83,0,Spring,2022-02-09,0
Lunglei,Mizoram,Lunglei,22.882,92.733,1222,34.7,83.9,22.9,72.8,18.0,78.3,2.1,956.4,Agriculture,Sandy Loam,Soft Sedimentary,8.11,1,Pre/Post Monsoon,2022-04-10,1
Lunglei,Mizoram,Lunglei,22.882,92.733,1222,34.7,217.9,42.3,100,4.9,82.6,4.0,982.5,Shrubland,Clay,Soft Sedimentary,7.47,0,Monsoon,2022-06-09,1
Lunglei,Mizoram,Lunglei,22.882,92.733,1222,34.7,186.5,37.5,100,16.5,84.3,4.9,989.9,Agriculture,Clay,Igneous,11.49,0,Monsoon,2022-08-08,1
Lunglei,Mizoram,Lunglei,22.882,92.733,1222,34.7,31.0,10.0,49.0,16.4,80.5,10.3,1004.7,Shrubland,Sandy Clay Loam,Mixed,8.91,1,Pre/Post Monsoon,2022-10-07,1
Lunglei,Mizoram,Lunglei,22.882,92.733,1222,34.7,5.9,0.9,19.9,6.9,57.1,7.1,972.6,Agriculture,Loam,Mixed,3.32,1,Winter,2022-12-06,1
Lunglei,Mizoram,Lunglei,22.882,92.733,1222,34.7,26.6,9.1,31.7,6.4,53.9,2.5,1005.9,Barren/Rocky,Loam,Igneous,9.52,0,Spring,2023-02-04,0
Lunglei,Mizoram,Lunglei,22.882,92.733,1222,34.7,72.0,24.1,63.5,16.5,78.0,7.4,974.2,Shrubland,Sandy Loam,Hard Sedimentary,8.03,1,Pre/Post Monsoon,2023-04-05,1
Lunglei,Mizoram,Lunglei,22.882,92.733,1222,34.7,219.6,47.9,100,4.1,97.7,6.5,1004.3,Barren/Rocky,Sandy Clay Loam,Hard Sedimentary,11.51,0,Monsoon,2023-06-04,1
Lunglei,Mizoram,Lunglei,22.882,92.733,1222,34.7,140.2,36.6,100,18.5,85.1,5.7,998.2,Agriculture,Clay,Soft Sedimentary,3.7,0,Monsoon,2023-08-03,1
Lunglei,Mizoram,Lunglei,22.882,92.733,1222,34.7,105.9,8.3,84.4,12.5,88.9,2.7,990.2,Open Forest,Clay,Soft Sedimentary,2.63,0,Pre/Post Monsoon,2023-10-02,1
Lunglei,Mizoram,Lunglei,22.882,92.733,1222,34.7,12.9,4.7,27.2,6.4,58.7,5.3,955.3,Dense Forest,Sandy Loam,Metamorphic,6.79,0,Winter,2023-12-01,0
Lunglei,Mizoram,Lunglei,22.882,92.733,1222,34.7,8.2,2.3,20.9,9.0,50.1,3.2,950.4,Barren/Rocky,Clay Loam,Mixed,0.74,0,Winter,2024-01-30,1
Lunglei,Mizoram,Lunglei,22.882,92.733,1222,34.7,25.1,8.9,40.9,8.4,65.2,5.8,999.3,Dense Forest,Clay,Hard Sedimentary,6.49,1,Spring,2024-03-30,1
Lunglei,Mizoram,Lunglei,22.882,92.733,1222,34.7,106.8,7.9,90.4,18.6,81.9,9.3,972.4,Dense Forest,Sandy Clay Loam,Mixed,1.87,1,Pre/Post Monsoon,2024-05-29,1
Lunglei,Mizoram,Lunglei,22.882,92.733,1222,34.7,159.8,52.9,100,15.9,85.5,5.4,974.8,Barren/Rocky,Sandy Loam,Hard Sedimentary,2.37,0,Monsoon,2024-07-28,1
Lunglei,Mizoram,Lunglei,22.882,92.733,1222,34.7,44.5,21.0,59.0,17.5,86.3,11.9,977.7,Barren/Rocky,Clay Loam,Metamorphic,8.13,1,Pre/Post Monsoon,2024-09-26,1
Lunglei,Mizoram,Lunglei,22.882,92.733,1222,34.7,19.0,1.8,28.2,7.7,56.8,2.7,961.6,Agriculture,Clay,Metamorphic,7.47,1,Winter,2024-11-25,1
Lunglei,Mizoram,Lunglei,22.882,92.733,1222,34.7,16.2,4.8,27.2,8.9,44.2,9.1,988.5,Shrubland,Loam,Hard Sedimentary,8.22,1,Winter,2025-01-24,0
Lunglei,Mizoram,Lunglei,22.882,92.733,1222,34.7,27.6,5.1,38.5,6.7,63.8,10.4,1001.5,Open Forest,Sandy Clay Loam,Hard Sedimentary,3.31,0,Spring,2025-03-25,1
Lunglei,Mizoram,Lunglei,22.882,92.733,1222,34.7,101.4,22.0,84.8,16.9,80.8,9.7,962.8,Dense Forest,Sandy Clay Loam,Metamorphic,6.61,0,Pre/Post Monsoon,2025-05-24,1
Lunglei,Mizoram,Lunglei,22.882,92.733,1222,34.7,137.6,23.9,100,15.7,93.9,6.6,980.6,Agriculture,Loam,Mixed,0.32,1,Monsoon,2025-07-23,1
Lunglei,Mizoram,Lunglei,22.882,92.733,1222,34.7,90.6,7.8,74.6,13.0,69.0,10.7,958.8,Agriculture,Loam,Soft Sedimentary,2.78,0,Pre/Post Monsoon,2025-09-21,1
Lunglei,Mizoram,Lunglei,22.882,92.733,1222,34.7,4.7,3.3,20.0,16.6,52.9,11.2,1002.9,Dense Forest,Loam,Soft Sedimentary,8.5,0,Winter,2025-11-20,0
Tawang,Arunachal Pradesh,Tawang,27.5854,91.86,2669,42.0,11.6,2.9,24.5,5.2,49.4,11.0,954.7,Shrubland,Clay,Hard Sedimentary,6.29,1,Winter,2018-01-01,1
Tawang,Arunachal Pradesh,Tawang,27.5854,91.86,2669,42.0,42.7,10.9,40.5,13.2,50.2,4.3,980.9,Shrubland,Sandy Loam,Hard Sedimentary,2.41,1,Spring,2018-03-02,1
Tawang,Arunachal Pradesh,Tawang,27.5854,91.86,2669,42.0,82.9,13.3,73.0,0.9,73.3,6.8,985.4,Agriculture,Clay Loam,Hard Sedimentary,0.71,0,Pre/Post Monsoon,2018-05-01,1
Tawang,Arunachal Pradesh,Tawang,27.5854,91.86,2669,42.0,205.8,20.9,100,13.9,83.0,6.1,1008.2,Dense Forest,Loam,Soft Sedimentary,2.76,0,Monsoon,2018-06-30,1
Tawang,Arunachal Pradesh,Tawang,27.5854,91.86,2669,42.0,112.2,48.2,96.7,11.8,90.8,3.8,989.6,Shrubland,Sandy Loam,Metamorphic,11.08,0,Monsoon,2018-08-29,1
Tawang,Arunachal Pradesh,Tawang,27.5854,91.86,2669,42.0,60.8,7.2,58.0,12.9,70.1,6.2,959.0,Dense Forest,Sandy Loam,Igneous,10.84,0,Pre/Post Monsoon,2018-10-28,1
Tawang,Arunachal Pradesh,Tawang,27.5854,91.86,2669,42.0,1.9,3.3,17.9,7.7,62.5,11.4,990.7,Agriculture,Sandy Clay Loam,Igneous,4.57,1,Winter,2018-12-27,1
Tawang,Arunachal Pradesh,Tawang,27.5854,91.86,2669,42.0,47.8,6.8,53.6,4.7,69.2,11.1,1000.2,Barren/Rocky,Clay Loam,Igneous,1.78,1,Spring,2019-02-25,1
Tawang,Arunachal Pradesh,Tawang,27.5854,91.86,2669,42.0,52.7,22.5,57.4,2.1,75.2,9.9,984.7,Dense Forest,Sandy Clay Loam,Soft Sedimentary,4.63,1,Pre/Post Monsoon,2019-04-26,1
Tawang,Arunachal Pradesh,Tawang,27.5854,91.86,2669,42.0,137.1,21.2,100,3.2,91.7,6.2,971.9,Shrubland,Clay,Hard Sedimentary,5.08,0,Monsoon,2019-06-25,1
Tawang,Arunachal Pradesh,Tawang,27.5854,91.86,2669,42.0,162.7,34.4,100,8.3,97.8,6.0,958.3,Dense Forest,Sandy Loam,Igneous,9.44,0,Monsoon,2019-08-24,1
Tawang,Arunachal Pradesh,Tawang,27.5854,91.86,2669,42.0,92.9,21.0,74.7,10.1,80.4,5.9,988.2,Dense Forest,Sandy Loam,Igneous,11.13,1,Pre/Post Monsoon,2019-10-23,1
Tawang,Arunachal Pradesh,Tawang,27.5854,91.86,2669,42.0,7.4,3.0,23.4,14.0,58.1,8.6,967.2,Barren/Rocky,Clay Loam,Hard Sedimentary,7.76,1,Winter,2019-12-22,1
Tawang,Arunachal Pradesh,Tawang,27.5854,91.86,2669,42.0,21.8,9.8,35.1,10.3,62.8,8.7,971.6,Dense Forest,Sandy Loam,Soft Sedimentary,11.96,0,Spring,2020-02-20,0
Tawang,Arunachal Pradesh,Tawang,27.5854,91.86,2669,42.0,62.4,9.0,61.4,10.4,65.4,7.5,993.6,Barren/Rocky,Sandy Clay Loam,Metamorphic,4.3,0,Pre/Post Monsoon,2020-04-20,1
Tawang,Arunachal Pradesh,Tawang,27.5854,91.86,2669,42.0,149.1,31.2,100,1.9,80.1,7.6,980.2,Shrubland,Clay Loam,Mixed,11.49,0,Monsoon,2020-06-19,1
Tawang,Arunachal Pradesh,Tawang,27.5854,91.86,2669,42.0,180.2,53.6,100,11.4,90.1,11.6,977.5,Agriculture,Sandy Clay Loam,Soft Sedimentary,5.89,1,Monsoon,2020-08-18,1
Tawang,Arunachal Pradesh,Tawang,27.5854,91.86,2669,42.0,84.2,9.6,72.0,14.4,72.9,2.1,999.9,Open Forest,Loam,Soft Sedimentary,4.91,0,Pre/Post Monsoon,2020-10-17,1
Tawang,Arunachal Pradesh,Tawang,27.5854,91.86,2669,42.0,9.5,1.8,31.5,3.4,62.4,8.8,1004.6,Agriculture,Sandy Loam,Hard Sedimentary,8.88,0,Winter,2020-12-16,1
Tawang,Arunachal Pradesh,Tawang,27.5854,91.86,2669,42.0,44.2,10.4,41.1,11.6,58.9,2.8,1007.3,Agriculture,Sandy Clay Loam,Soft Sedimentary,9.22,1,Spring,2021-02-14,1
Tawang,Arunachal Pradesh,Tawang,27.5854,91.86,2669,42.0,59.7,11.3,64.2,13.2,87.5,4.7,961.0,Barren/Rocky,Loam,Igneous,2.82,0,Pre/Post Monsoon,2021-04-15,1
Tawang,Arunachal Pradesh,Tawang,27.5854,91.86,2669,42.0,152.2,36.6,100,5.4,89.0,3.7,1008.6,Barren/Rocky,Clay,Metamorphic,8.33,1,Monsoon,2021-06-14,1
Tawang,Arunachal Pradesh,Tawang,27.5854,91.86,2669,42.0,132.3,39.5,99.8,7.9,84.7,6.7,986.8,Shrubland,Sandy Loam,Igneous,5.2,1,Monsoon,2021-08-13,1
Tawang,Arunachal Pradesh,Tawang,27.5854,91.86,2669,42.0,98.3,10.6,79.2,1.2,69.5,4.3,956.0,Shrubland,Sandy Loam,Mixed,5.3,1,Pre/Post Monsoon,2021-10-12,1
Tawang,Arunachal Pradesh,Tawang,27.5854,91.86,2669,42.0,9.5,0.0,26.8,1.3,50.5,8.3,982.0,Shrubland,Clay,Metamorphic,3.16,0,Winter,2021-12-11,1
Tawang,Arunachal Pradesh,Tawang,27.5854,91.86,2669,42.0,39.2,2.6,47.5,6.7,70.3,6.5,970.1,Shrubland,Loam,Mixed,6.78,0,Spring,2022-02-09,1
Tawang,Arunachal Pradesh,Tawang,27.5854,91.86,2669,42.0,39.7,22.3,53.8,2.3,89.1,8.5,960.5,Shrubland,Loam,Metamorphic,8.14,1,Pre/Post Monsoon,2022-04-10,1
Tawang,Arunachal Pradesh,Tawang,27.5854,91.86,2669,42.0,139.5,26.5,100,1.4,91.4,10.1,970.2,Barren/Rocky,Sandy Clay Loam,Igneous,10.22,1,Monsoon,2022-06-09,1
Tawang,Arunachal Pradesh,Tawang,27.5854,91.86,2669,42.0,130.8,41.1,100,8.8,92.8,10.9,996.9,Shrubland,Sandy Clay Loam,Mixed,11.59,1,Monsoon,2022-08-08,1
Tawang,Arunachal Pradesh,Tawang,27.5854,91.86,2669,42.0,40.0,9.7,49.5,11.0,71.3,4.1,973.8,Dense Forest,Clay Loam,Igneous,6.67,1,Pre/Post Monsoon,2022-10-07,1
Tawang,Arunachal Pradesh,Tawang,27.5854,91.86,2669,42.0,2.1,3.1,14.8,14.0,42.1,4.3,994.3,Agriculture,Sandy Loam,Hard Sedimentary,6.42,1,Winter,2022-12-06,1
Tawang,Arunachal Pradesh,Tawang,27.5854,91.86,2669,42.0,45.1,5.3,46.9,14.7,61.9,4.7,976.7,Barren/Rocky,Sandy Loam,Mixed,7.25,0,Spring,2023-02-04,1
Tawang,Arunachal Pradesh,Tawang,27.5854,91.86,2669,42.0,71.9,17.8,65.4,4.7,72.7,10.0,976.5,Shrubland,Clay,Metamorphic,2.04,1,Pre/Post Monsoon,2023-04-05,1
Tawang,Arunachal Pradesh,Tawang,27.5854,91.86,2669,42.0,134.7,33.8,100,13.9,80.1,6.8,950.5,Agriculture,Loam,Mixed,2.93,1,Monsoon,2023-06-04,1
Tawang,Arunachal Pradesh,Tawang,27.5854,91.86,2669,42.0,204.7,32.5,100,10.5,84.5,10.3,963.2,Dense Forest,Clay,Hard Sedimentary,6.3,0,Monsoon,2023-08-03,1
Tawang,Arunachal Pradesh,Tawang,27.5854,91.86,2669,42.0,52.8,19.9,62.4,5.7,85.2,3.8,967.4,Agriculture,Sandy Clay Loam,Igneous,3.41,0,Pre/Post Monsoon,2023-10-02,1
Tawang,Arunachal Pradesh,Tawang,27.5854,91.86,2669,42.0,3.0,4.8,13.7,14.7,40.6,3.3,976.3,Dense Forest,Sandy Loam,Soft Sedimentary,1.98,1,Winter,2023-12-01,1
Tawang,Arunachal Pradesh,Tawang,27.5854,91.86,2669,42.0,15.7,2.5,21.2,10.3,49.3,2.8,995.0,Open Forest,Clay Loam,Metamorphic,9.35,1,Winter,2024-01-30,1
Tawang,Arunachal Pradesh,Tawang,27.5854,91.86,2669,42.0,46.3,4.5,51.1,-0.7,59.5,9.1,973.1,Agriculture,Sandy Loam,Soft Sedimentary,2.55,0,Spring,2024-03-30,1
Tawang,Arunachal Pradesh,Tawang,27.5854,91.86,2669,42.0,67.8,18.6,64.1,4.3,72.8,2.4,1006.2,Barren/Rocky,Clay Loam,Metamorphic,5.88,1,Pre/Post Monsoon,2024-05-29,1
Tawang,Arunachal Pradesh,Tawang,27.5854,91.86,2669,42.0,202.3,23.7,100,9.2,82.0,3.7,966.6,Dense Forest,Clay,Hard Sedimentary,0.31,1,Monsoon,2024-07-28,1
Tawang,Arunachal Pradesh,Tawang,27.5854,91.86,2669,42.0,85.1,8.1,76.3,3.1,84.3,8.9,970.3,Dense Forest,Clay Loam,Metamorphic,7.81,0,Pre/Post Monsoon,2024-09-26,1
Tawang,Arunachal Pradesh,Tawang,27.5854,91.86,2669,42.0,9.8,1.6,22.7,9.4,54.0,10.9,994.0,Dense Forest,Clay,Metamorphic,8.75,1,Winter,2024-11-25,1
Tawang,Arunachal Pradesh,Tawang,27.5854,91.86,2669,42.0,11.2,2.7,24.9,8.2,52.3,5.2,978.1,Barren/Rocky,Sandy Clay Loam,Hard Sedimentary,1.01,1,Winter,2025-01-24,1
Tawang,Arunachal Pradesh,Tawang,27.5854,91.86,2669,42.0,34.0,6.5,45.3,7.2,69.4,10.8,987.2,Shrubland,Sandy Clay Loam,Hard Sedimentary,3.98,1,Spring,2025-03-25,1
Tawang,Arunachal Pradesh,Tawang,27.5854,91.86,2669,42.0,45.2,18.7,52.1,1.6,84.1,6.1,969.3,Dense Forest,Sandy Clay Loam,Soft Sedimentary,0.72,0,Pre/Post Monsoon,2025-05-24,1
Tawang,Arunachal Pradesh,Tawang,27.5854,91.86,2669,42.0,116.3,34.4,95.9,8.2,81.8,8.6,981.5,Barren/Rocky,Loam,Soft Sedimentary,4.52,0,Monsoon,2025-07-23,1
Tawang,Arunachal Pradesh,Tawang,27.5854,91.86,2669,42.0,82.5,23.6,76.8,6.6,85.8,5.6,994.6,Agriculture,Loam,Soft Sedimentary,9.92,1,Pre/Post Monsoon,2025-09-21,1
Tawang,Arunachal Pradesh,Tawang,27.5854,91.86,2669,42.0,16.7,0.4,21.1,7.4,45.4,4.3,973.1,Open Forest,Sandy Clay Loam,Hard Sedimentary,6.93,0,Winter,2025-11-20,0
Itanagar,Arunachal Pradesh,Papum Pare,27.0844,93.6053,750,25.3,14.9,3.8,29.3,16.3,54.4,6.3,956.2,Open Forest,Sandy Clay Loam,Igneous,6.16,0,Winter,2018-01-01,0
Itanagar,Arunachal Pradesh,Papum Pare,27.0844,93.6053,750,25.3,47.7,11.0,52.0,21.4,63.8,6.1,988.0,Shrubland,Sandy Clay Loam,Hard Sedimentary,6.85,1,Spring,2018-03-02,1
Itanagar,Arunachal Pradesh,Papum Pare,27.0844,93.6053,750,25.3,58.8,14.0,58.8,5.5,89.0,4.8,951.0,Open Forest,Loam,Soft Sedimentary,3.74,1,Pre/Post Monsoon,2018-05-01,1
Itanagar,Arunachal Pradesh,Papum Pare,27.0844,93.6053,750,25.3,190.3,52.7,100,20.2,94.8,7.7,984.3,Dense Forest,Clay Loam,Igneous,4.4,1,Monsoon,2018-06-30,1
Itanagar,Arunachal Pradesh,Papum Pare,27.0844,93.6053,750,25.3,120.3,47.4,98.9,11.9,81.7,9.3,993.4,Agriculture,Sandy Loam,Igneous,9.94,0,Monsoon,2018-08-29,1
Itanagar,Arunachal Pradesh,Papum Pare,27.0844,93.6053,750,25.3,77.6,11.0,67.6,14.7,83.3,2.6,996.3,Shrubland,Clay,Igneous,11.18,1,Pre/Post Monsoon,2018-10-28,1
Itanagar,Arunachal Pradesh,Papum Pare,27.0844,93.6053,750,25.3,12.7,3.2,19.6,13.9,41.4,7.6,969.6,Open Forest,Sandy Loam,Soft Sedimentary,8.15,0,Winter,2018-12-27,1
Itanagar,Arunachal Pradesh,Papum Pare,27.0844,93.6053,750,25.3,22.8,4.9,29.3,7.6,59.9,7.7,953.0,Agriculture,Loam,Soft Sedimentary,4.9,0,Spring,2019-02-25,0
Itanagar,Arunachal Pradesh,Papum Pare,27.0844,93.6053,750,25.3,68.5,9.0,64.5,14.6,74.9,12.0,981.5,Open Forest,Clay Loam,Metamorphic,9.37,1,Pre/Post Monsoon,2019-04-26,1
Itanagar,Arunachal Pradesh,Papum Pare,27.0844,93.6053,750,25.3,104.6,31.5,86.3,8.5,86.6,8.6,996.2,Open Forest,Loam,Mixed,9.89,0,Monsoon,2019-06-25,1
Itanagar,Arunachal Pradesh,Papum Pare,27.0844,93.6053,750,25.3,95.8,47.7,84.5,11.5,83.6,10.5,956.7,Dense Forest,Sandy Loam,Mixed,11.14,0,Monsoon,2019-08-24,1
Itanagar,Arunachal Pradesh,Papum Pare,27.0844,93.6053,750,25.3,57.5,21.1,55.3,13.0,72.6,9.4,962.7,Barren/Rocky,Sandy Clay Loam,Metamorphic,6.68,0,Pre/Post Monsoon,2019-10-23,1
Itanagar,Arunachal Pradesh,Papum Pare,27.0844,93.6053,750,25.3,7.5,4.5,18.4,9.6,53.2,4.0,991.8,Shrubland,Clay Loam,Igneous,7.93,1,Winter,2019-12-22,0
Itanagar,Arunachal Pradesh,Papum Pare,27.0844,93.6053,750,25.3,38.2,11.1,39.6,7.2,59.0,10.8,973.2,Agriculture,Sandy Clay Loam,Soft Sedimentary,10.87,0,Spring,2020-02-20,1
Itanagar,Arunachal Pradesh,Papum Pare,27.0844,93.6053,750,25.3,44.9,15.0,46.7,20.3,76.4,4.5,981.8,Shrubland,Clay,Igneous,8.98,1,Pre/Post Monsoon,2020-04-20,1
Itanagar,Arunachal Pradesh,Papum Pare,27.0844,93.6053,750,25.3,171.3,24.4,100,13.5,97.6,8.3,1002.7,Dense Forest,Sandy Clay Loam,Metamorphic,2.86,0,Monsoon,2020-06-19,1
Itanagar,Arunachal Pradesh,Papum Pare,27.0844,93.6053,750,25.3,101.4,30.3,91.1,15.3,97.3,4.3,964.4,Open Forest,Clay,Metamorphic,10.93,1,Monsoon,2020-08-18,1
Itanagar,Arunachal Pradesh,Papum Pare,27.0844,93.6053,750,25.3,82.2,16.6,70.3,8.7,82.1,8.9,1003.9,Open Forest,Clay,Hard Sedimentary,7.94,0,Pre/Post Monsoon,2020-10-17,1
Itanagar,Arunachal Pradesh,Papum Pare,27.0844,93.6053,750,25.3,11.1,4.7,25.0,10.6,43.0,9.3,995.9,Agriculture,Clay,Metamorphic,5.43,0,Winter,2020-12-16,0
Itanagar,Arunachal Pradesh,Papum Pare,27.0844,93.6053,750,25.3,20.3,3.9,34.7,5.9,53.3,8.2,986.3,Barren/Rocky,Sandy Loam,Mixed,2.94,0,Spring,2021-02-14,0
Itanagar,Arunachal Pradesh,Papum Pare,27.0844,93.6053,750,25.3,40.7,21.9,46.1,15.9,76.7,5.9,978.4,Open Forest,Sandy Loam,Hard Sedimentary,0.58,0,Pre/Post Monsoon,2021-04-15,0
Itanagar,Arunachal Pradesh,Papum Pare,27.0844,93.6053,750,25.3,213.5,23.9,100,8.7,92.1,3.8,1007.3,Agriculture,Sandy Clay Loam,Igneous,8.32,0,Monsoon,2021-06-14,1
Itanagar,Arunachal Pradesh,Papum Pare,27.0844,93.6053,750,25.3,142.6,16.7,100,11.6,93.2,8.1,994.5,Barren/Rocky,Sandy Clay Loam,Mixed,7.77,0,Monsoon,2021-08-13,1
Itanagar,Arunachal Pradesh,Papum Pare,27.0844,93.6053,750,25.3,66.1,21.5,59.7,21.4,66.1,6.0,994.1,Barren/Rocky,Clay,Mixed,9.23,0,Pre/Post Monsoon,2021-10-12,0
Itanagar,Arunachal Pradesh,Papum Pare,27.0844,93.6053,750,25.3,8.0,1.5,24.8,12.9,60.7,8.1,953.3,Barren/Rocky,Sandy Loam,Igneous,9.99,0,Winter,2021-12-11,1
Itanagar,Arunachal Pradesh,Papum Pare,27.0844,93.6053,750,25.3,21.3,7.9,36.0,14.2,72.4,5.2,951.5,Agriculture,Sandy Clay Loam,Hard Sedimentary,10.61,1,Spring,2022-02-09,0
Itanagar,Arunachal Pradesh,Papum Pare,27.0844,93.6053,750,25.3,87.5,7.5,70.5,12.7,67.9,7.2,973.0,Barren/Rocky,Sandy Clay Loam,Hard Sedimentary,4.67,0,Pre/Post Monsoon,2022-04-10,1
Itanagar,Arunachal Pradesh,Papum Pare,27.0844,93.6053,750,25.3,163.5,41.4,100,19.4,82.7,9.1,975.2,Shrubland,Clay,Metamorphic,7.59,1,Monsoon,2022-06-09,1
Itanagar,Arunachal Pradesh,Papum Pare,27.0844,93.6053,750,25.3,90.5,45.6,77.8,13.5,80.2,10.1,986.5,Agriculture,Sandy Loam,Hard Sedimentary,7.15,0,Monsoon,2022-08-08,1
Itanagar,Arunachal Pradesh,Papum Pare,27.0844,93.6053,750,25.3,78.1,5.1,74.7,9.9,87.1,10.2,962.5,Open Forest,Sandy Loam,Soft Sedimentary,7.91,1,Pre/Post Monsoon,2022-10-07,1
Itanagar,Arunachal Pradesh,Papum Pare,27.0844,93.6053,750,25.3,6.6,0.4,15.2,21.4,42.7,4.8,989.7,Barren/Rocky,Sandy Clay Loam,Mixed,2.29,0,Winter,2022-12-06,0
Itanagar,Arunachal Pradesh,Papum Pare,27.0844,93.6053,750,25.3,47.6,2.9,45.1,11.4,57.5,2.7,975.6,Barren/Rocky,Clay Loam,Metamorphic,5.76,1,Spring,2023-02-04,1
Itanagar,Arunachal Pradesh,Papum Pare,27.0844,93.6053,750,25.3,72.2,15.5,64.6,15.3,82.4,9.3,987.7,Dense Forest,Clay,Mixed,11.22,0,Pre/Post Monsoon,2023-04-05,1
Itanagar,Arunachal Pradesh,Papum Pare,27.0844,93.6053,750,25.3,123.8,38.0,100,20.3,91.2,7.0,993.8,Agriculture,Clay,Hard Sedimentary,10.63,1,Monsoon,2023-06-04,1
Itanagar,Arunachal Pradesh,Papum Pare,27.0844,93.6053,750,25.3,90.2,16.0,85.0,7.4,91.3,10.0,1009.9,Agriculture,Clay Loam,Metamorphic,4.33,0,Monsoon,2023-08-03,1
Itanagar,Arunachal Pradesh,Papum Pare,27.0844,93.6053,750,25.3,85.2,10.1,70.7,10.3,66.7,9.7,956.8,Shrubland,Loam,Igneous,8.75,0,Pre/Post Monsoon,2023-10-02,1
Itanagar,Arunachal Pradesh,Papum Pare,27.0844,93.6053,750,25.3,3.9,4.2,23.9,13.2,63.1,2.4,958.1,Open Forest,Clay,Mixed,10.77,0,Winter,2023-12-01,1
Itanagar,Arunachal Pradesh,Papum Pare,27.0844,93.6053,750,25.3,16.7,1.5,29.9,10.5,58.1,4.1,991.1,Shrubland,Clay Loam,Hard Sedimentary,3.51,1,Winter,2024-01-30,0
Itanagar,Arunachal Pradesh,Papum Pare,27.0844,93.6053,750,25.3,35.0,5.9,44.5,19.3,64.9,9.1,968.9,Dense Forest,Loam,Igneous,1.22,0,Spring,2024-03-30,0
Itanagar,Arunachal Pradesh,Papum Pare,27.0844,93.6053,750,25.3,47.3,11.0,52.5,18.1,67.8,11.1,976.6,Dense Forest,Clay,Mixed,2.02,0,Pre/Post Monsoon,2024-05-29,0
Itanagar,Arunachal Pradesh,Papum Pare,27.0844,93.6053,750,25.3,190.8,20.7,100,18.7,95.7,8.8,958.0,Dense Forest,Clay,Igneous,8.62,0,Monsoon,2024-07-28,1
Itanagar,Arunachal Pradesh,Papum Pare,27.0844,93.6053,750,25.3,85.0,16.9,65.7,13.0,67.2,7.2,989.5,Shrubland,Clay Loam,Mixed,9.15,0,Pre/Post Monsoon,2024-09-26,1
Itanagar,Arunachal Pradesh,Papum Pare,27.0844,93.6053,750,25.3,3.9,1.4,15.1,12.6,48.0,3.5,966.4,Dense Forest,Sandy Clay Loam,Mixed,6.27,1,Winter,2024-11-25,0
Itanagar,Arunachal Pradesh,Papum Pare,27.0844,93.6053,750,25.3,5.4,4.7,20.7,14.7,60.1,5.1,1003.5,Barren/Rocky,Clay,Soft Sedimentary,1.73,0,Winter,2025-01-24,1
Itanagar,Arunachal Pradesh,Papum Pare,27.0844,93.6053,750,25.3,28.4,2.9,40.5,16.8,59.8,8.3,991.4,Agriculture,Sandy Clay Loam,Metamorphic,3.89,0,Spring,2025-03-25,1
Itanagar,Arunachal Pradesh,Papum Pare,27.0844,93.6053,750,25.3,107.9,20.1,89.3,7.6,76.6,11.2,978.1,Agriculture,Loam,Igneous,5.75,0,Pre/Post Monsoon,2025-05-24,1
Itanagar,Arunachal Pradesh,Papum Pare,27.0844,93.6053,750,25.3,208.7,30.7,100,16.1,92.6,10.8,977.2,Dense Forest,Clay Loam,Igneous,1.53,0,Monsoon,2025-07-23,1
Itanagar,Arunachal Pradesh,Papum Pare,27.0844,93.6053,750,25.3,91.4,17.1,77.3,7.1,68.2,10.0,969.6,Dense Forest,Loam,Mixed,5.64,0,Pre/Post Monsoon,2025-09-21,1
Itanagar,Arunachal Pradesh,Papum Pare,27.0844,93.6053,750,25.3,11.0,4.9,26.5,11.0,49.6,7.9,997.1,Agriculture,Sandy Clay Loam,Metamorphic,6.63,1,Winter,2025-11-20,1
Shillong,Meghalaya,East Khasi Hills,25.5788,91.8933,1496,28.8,14.8,3.6,30.4,4.8,60.9,5.3,955.9,Agriculture,Sandy Loam,Metamorphic,11.48,1,Winter,2018-01-01,0
Shillong,Meghalaya,East Khasi Hills,25.5788,91.8933,1496,28.8,26.5,8.4,29.0,6.5,51.5,7.8,995.3,Dense Forest,Sandy Loam,Hard Sedimentary,5.55,1,Spring,2018-03-02,0
Shillong,Meghalaya,East Khasi Hills,25.5788,91.8933,1496,28.8,45.7,18.6,54.8,12.1,72.9,5.0,1006.6,Agriculture,Loam,Soft Sedimentary,7.08,0,Pre/Post Monsoon,2018-05-01,1
Shillong,Meghalaya,East Khasi Hills,25.5788,91.8933,1496,28.8,200.8,17.5,100,18.5,96.2,7.6,1008.7,Dense Forest,Loam,Soft Sedimentary,2.98,0,Monsoon,2018-06-30,1
Shillong,Meghalaya,East Khasi Hills,25.5788,91.8933,1496,28.8,182.5,31.2,100,6.4,87.8,3.4,983.3,Shrubland,Clay,Hard Sedimentary,3.6,0,Monsoon,2018-08-29,1
Shillong,Meghalaya,East Khasi Hills,25.5788,91.8933,1496,28.8,35.7,5.3,48.1,10.8,83.0,11.9,955.1,Agriculture,Clay,Mixed,11.18,0,Pre/Post Monsoon,2018-10-28,0
Shillong,Meghalaya,East Khasi Hills,25.5788,91.8933,1496,28.8,11.0,2.3,24.2,6.0,48.9,7.8,1000.8,Open Forest,Sandy Clay Loam,Metamorphic,5.05,0,Winter,2018-12-27,1
Shillong,Meghalaya,East Khasi Hills,25.5788,91.8933,1496,28.8,34.9,9.0,39.6,10.7,52.8,3.4,993.9,Shrubland,Clay,Mixed,1.12,0,Spring,2019-02-25,0
Shillong,Meghalaya,East Khasi Hills,25.5788,91.8933,1496,28.8,80.5,18.3,73.2,14.0,81.7,7.8,986.8,Shrubland,Sandy Clay Loam,Soft Sedimentary,5.73,0,Pre/Post Monsoon,2019-04-26,1
Shillong,Meghalaya,East Khasi Hills,25.5788,91.8933,1496,28.8,144.7,53.4,100,7.6,94.4,11.2,995.0,Barren/Rocky,Loam,Soft Sedimentary,7.63,0,Monsoon,2019-06-25,1
Shillong,Meghalaya,East Khasi Hills,25.5788,91.8933,1496,28.8,195.2,40.0,100,4.3,85.2,10.5,966.7,Open Forest,Sandy Clay Loam,Metamorphic,3.45,1,Monsoon,2019-08-24,1
Shillong,Meghalaya,East Khasi Hills,25.5788,91.8933,1496,28.8,102.8,19.8,81.8,8.9,81.5,9.8,964.2,Open Forest,Sandy Clay Loam,Soft Sedimentary,4.25,1,Pre/Post Monsoon,2019-10-23,1
Shillong,Meghalaya,East Khasi Hills,25.5788,91.8933,1496,28.8,16.8,3.8,28.4,9.1,50.3,9.3,960.0,Barren/Rocky,Loam,Soft Sedimentary,7.78,0,Winter,2019-12-22,0
Shillong,Meghalaya,East Khasi Hills,25.5788,91.8933,1496,28.8,31.2,6.8,43.1,18.2,61.9,4.3,991.0,Agriculture,Clay,Metamorphic,1.91,0,Spring,2020-02-20,0
Shillong,Meghalaya,East Khasi Hills,25.5788,91.8933,1496,28.8,60.6,11.3,56.7,18.3,78.3,7.3,971.2,Agriculture,Sandy Clay Loam,Metamorphic,4.15,1,Pre/Post Monsoon,2020-04-20,0
Shillong,Meghalaya,East Khasi Hills,25.5788,91.8933,1496,28.8,149.9,42.0,100,13.8,84.4,7.2,990.7,Open Forest,Loam,Mixed,0.32,1,Monsoon,2020-06-19,1
Shillong,Meghalaya,East Khasi Hills,25.5788,91.8933,1496,28.8,102.7,19.2,85.1,6.5,88.0,3.9,951.4,Dense Forest,Clay Loam,Mixed,7.95,0,Monsoon,2020-08-18,1
Shillong,Meghalaya,East Khasi Hills,25.5788,91.8933,1496,28.8,86.6,7.4,79.5,5.1,86.4,11.0,984.0,Open Forest,Clay Loam,Hard Sedimentary,3.19,1,Pre/Post Monsoon,2020-10-17,1
Shillong,Meghalaya,East Khasi Hills,25.5788,91.8933,1496,28.8,18.5,1.4,30.6,17.5,50.7,5.2,959.7,Dense Forest,Loam,Soft Sedimentary,4.72,1,Winter,2020-12-16,1
Shillong,Meghalaya,East Khasi Hills,25.5788,91.8933,1496,28.8,21.2,2.7,36.7,6.2,74.5,8.5,956.5,Barren/Rocky,Clay,Hard Sedimentary,7.44,1,Spring,2021-02-14,1
Shillong,Meghalaya,East Khasi Hills,25.5788,91.8933,1496,28.8,38.3,6.5,48.3,7.0,79.3,11.0,958.9,Dense Forest,Clay Loam,Igneous,3.34,0,Pre/Post Monsoon,2021-04-15,1
Shillong,Meghalaya,East Khasi Hills,25.5788,91.8933,1496,28.8,157.0,52.6,100,10.0,88.8,9.8,997.1,Barren/Rocky,Sandy Loam,Soft Sedimentary,4.74,0,Monsoon,2021-06-14,1
Shillong,Meghalaya,East Khasi Hills,25.5788,91.8933,1496,28.8,163.7,52.4,100,13.9,86.5,8.3,1007.5,Dense Forest,Loam,Mixed,10.27,1,Monsoon,2021-08-13,1
Shillong,Meghalaya,East Khasi Hills,25.5788,91.8933,1496,28.8,81.8,8.5,65.0,9.2,66.0,9.0,1003.8,Shrubland,Clay,Soft Sedimentary,10.65,1,Pre/Post Monsoon,2021-10-12,1
Shillong,Meghalaya,East Khasi Hills,25.5788,91.8933,1496,28.8,3.9,3.6,16.9,10.8,54.8,7.4,968.5,Barren/Rocky,Clay,Soft Sedimentary,0.64,1,Winter,2021-12-11,1
Shillong,Meghalaya,East Khasi Hills,25.5788,91.8933,1496,28.8,29.2,4.1,43.7,11.4,66.3,10.7,982.2,Barren/Rocky,Sandy Loam,Soft Sedimentary,0.64,1,Spring,2022-02-09,0
Shillong,Meghalaya,East Khasi Hills,25.5788,91.8933,1496,28.8,102.6,17.4,76.4,13.4,71.1,8.3,1004.3,Dense Forest,Clay,Mixed,2.21,0,Pre/Post Monsoon,2022-04-10,1
Shillong,Meghalaya,East Khasi Hills,25.5788,91.8933,1496,28.8,104.8,38.8,86.6,4.0,91.1,5.4,1000.2,Agriculture,Loam,Soft Sedimentary,11.72,0,Monsoon,2022-06-09,1
Shillong,Meghalaya,East Khasi Hills,25.5788,91.8933,1496,28.8,189.3,38.7,100,4.9,86.0,6.2,991.8,Barren/Rocky,Sandy Loam,Igneous,3.08,0,Monsoon,2022-08-08,1
Shillong,Meghalaya,East Khasi Hills,25.5788,91.8933,1496,28.8,92.2,5.3,74.5,3.1,77.2,2.9,989.1,Shrubland,Clay,Igneous,8.37,1,Pre/Post Monsoon,2022-10-07,1
Shillong,Meghalaya,East Khasi Hills,25.5788,91.8933,1496,28.8,8.2,4.7,20.7,3.6,55.3,7.0,1007.0,Shrubland,Loam,Igneous,0.25,1,Winter,2022-12-06,1
Shillong,Meghalaya,East Khasi Hills,25.5788,91.8933,1496,28.8,36.7,10.6,45.9,11.1,74.7,8.3,962.5,Dense Forest,Sandy Loam,Soft Sedimentary,9.6,0,Spring,2023-02-04,0
Shillong,Meghalaya,East Khasi Hills,25.5788,91.8933,1496,28.8,69.8,8.2,67.9,3.9,88.1,4.1,965.1,Barren/Rocky,Clay,Soft Sedimentary,1.43,1,Pre/Post Monsoon,2023-04-05,1
Shillong,Meghalaya,East Khasi Hills,25.5788,91.8933,1496,28.8,192.1,34.4,100,17.3,82.1,7.9,969.6,Open Forest,Loam,Hard Sedimentary,9.39,1,Monsoon,2023-06-04,1
Shillong,Meghalaya,East Khasi Hills,25.5788,91.8933,1496,28.8,203.1,30.0,100,10.5,84.0,10.9,958.7,Barren/Rocky,Clay,Hard Sedimentary,4.77,1,Monsoon,2023-08-03,1
Shillong,Meghalaya,East Khasi Hills,25.5788,91.8933,1496,28.8,108.0,9.0,78.9,14.1,68.2,3.4,1001.1,Agriculture,Clay,Hard Sedimentary,9.17,1,Pre/Post Monsoon,2023-10-02,1
Shillong,Meghalaya,East Khasi Hills,25.5788,91.8933,1496,28.8,15.8,3.2,32.7,5.7,55.3,10.6,955.2,Barren/Rocky,Clay,Hard Sedimentary,7.18,0,Winter,2023-12-01,0
Shillong,Meghalaya,East Khasi Hills,25.5788,91.8933,1496,28.8,14.7,1.2,28.9,12.3,48.2,7.9,958.9,Barren/Rocky,Clay Loam,Igneous,11.77,1,Winter,2024-01-30,1
Shillong,Meghalaya,East Khasi Hills,25.5788,91.8933,1496,28.8,29.9,5.9,37.0,14.2,70.2,7.0,955.0,Dense Forest,Clay,Hard Sedimentary,1.77,1,Spring,2024-03-30,1
Shillong,Meghalaya,East Khasi Hills,25.5788,91.8933,1496,28.8,31.3,18.4,42.1,10.4,69.0,7.8,1008.6,Agriculture,Sandy Loam,Igneous,2.38,0,Pre/Post Monsoon,2024-05-29,1
Shillong,Meghalaya,East Khasi Hills,25.5788,91.8933,1496,28.8,201.8,17.8,100,8.3,96.1,6.3,966.2,Barren/Rocky,Sandy Clay Loam,Mixed,9.57,0,Monsoon,2024-07-28,1
Shillong,Meghalaya,East Khasi Hills,25.5788,91.8933,1496,28.8,88.9,6.1,83.8,13.8,88.6,3.1,971.9,Barren/Rocky,Clay Loam,Metamorphic,4.52,0,Pre/Post Monsoon,2024-09-26,1
Shillong,Meghalaya,East Khasi Hills,25.5788,91.8933,1496,28.8,2.8,1.7,22.6,13.4,53.5,9.5,1002.3,Open Forest,Sandy Loam,Metamorphic,4.36,1,Winter,2024-11-25,1
Shillong,Meghalaya,East Khasi Hills,25.5788,91.8933,1496,28.8,1.1,1.9,21.9,11.0,51.3,6.7,981.9,Barren/Rocky,Loam,Igneous,7.53,0,Winter,2025-01-24,1
Shillong,Meghalaya,East Khasi Hills,25.5788,91.8933,1496,28.8,21.6,10.8,26.9,9.3,52.2,11.6,954.6,Open Forest,Loam,Soft Sedimentary,8.43,0,Spring,2025-03-25,1
Shillong,Meghalaya,East Khasi Hills,25.5788,91.8933,1496,28.8,53.5,24.4,55.4,5.1,78.5,6.4,988.7,Shrubland,Sandy Loam,Soft Sedimentary,0.46,0,Pre/Post Monsoon,2025-05-24,1
Shillong,Meghalaya,East Khasi Hills,25.5788,91.8933,1496,28.8,143.5,28.7,100,8.2,91.6,9.0,1000.5,Agriculture,Clay,Metamorphic,6.89,0,Monsoon,2025-07-23,1
Shillong,Meghalaya,East Khasi Hills,25.5788,91.8933,1496,28.8,48.1,12.4,48.2,16.5,72.2,4.8,1007.4,Barren/Rocky,Sandy Loam,Mixed,3.57,0,Pre/Post Monsoon,2025-09-21,1
Shillong,Meghalaya,East Khasi Hills,25.5788,91.8933,1496,28.8,3.2,0.6,23.9,12.2,64.8,5.7,962.3,Dense Forest,Loam,Metamorphic,1.95,1,Winter,2025-11-20,1
Cherrapunji,Meghalaya,East Khasi Hills,25.3005,91.7042,1484,27.9,2.4,0.1,28.0,15.3,63.3,11.3,959.4,Barren/Rocky,Sandy Clay Loam,Metamorphic,7.84,1,Winter,2018-01-01,1
Cherrapunji,Meghalaya,East Khasi Hills,25.3005,91.7042,1484,27.9,43.0,9.3,45.3,8.5,73.1,6.8,952.4,Barren/Rocky,Clay Loam,Metamorphic,0.49,0,Spring,2018-03-02,0
Cherrapunji,Meghalaya,East Khasi Hills,25.3005,91.7042,1484,27.9,37.4,6.1,46.2,12.4,81.0,11.4,966.7,Dense Forest,Clay Loam,Mixed,10.22,0,Pre/Post Monsoon,2018-05-01,0
Cherrapunji,Meghalaya,East Khasi Hills,25.3005,91.7042,1484,27.9,115.3,27.7,99.3,18.1,90.9,5.6,958.9,Agriculture,Loam,Igneous,4.6,1,Monsoon,2018-06-30,1
Cherrapunji,Meghalaya,East Khasi Hills,25.3005,91.7042,1484,27.9,203.7,18.5,100,10.2,93.1,10.0,967.3,Agriculture,Clay,Hard Sedimentary,10.06,0,Monsoon,2018-08-29,1
Cherrapunji,Meghalaya,East Khasi Hills,25.3005,91.7042,1484,27.9,68.0,22.4,73.4,4.1,89.7,9.6,955.3,Agriculture,Loam,Igneous,2.26,0,Pre/Post Monsoon,2018-10-28,1
Cherrapunji,Meghalaya,East Khasi Hills,25.3005,91.7042,1484,27.9,4.0,4.2,22.0,10.9,47.2,5.0,985.1,Agriculture,Sandy Clay Loam,Igneous,2.85,0,Winter,2018-12-27,0
Cherrapunji,Meghalaya,East Khasi Hills,25.3005,91.7042,1484,27.9,48.5,10.3,52.2,13.5,61.8,6.2,979.5,Open Forest,Clay Loam,Soft Sedimentary,9.22,0,Spring,2019-02-25,1
Cherrapunji,Meghalaya,East Khasi Hills,25.3005,91.7042,1484,27.9,76.5,16.3,72.2,13.1,86.7,8.9,957.2,Barren/Rocky,Sandy Clay Loam,Soft Sedimentary,10.17,1,Pre/Post Monsoon,2019-04-26,1
Cherrapunji,Meghalaya,East Khasi Hills,25.3005,91.7042,1484,27.9,149.9,42.7,100,3.9,86.4,8.4,1007.3,Dense Forest,Loam,Metamorphic,6.45,0,Monsoon,2019-06-25,1
Cherrapunji,Meghalaya,East Khasi Hills,25.3005,91.7042,1484,27.9,189.4,39.0,100,8.2,83.0,10.4,998.0,Shrubland,Loam,Soft Sedimentary,6.51,1,Monsoon,2019-08-24,1
Cherrapunji,Meghalaya,East Khasi Hills,25.3005,91.7042,1484,27.9,71.5,12.5,70.4,8.5,77.1,3.0,959.3,Open Forest,Sandy Loam,Mixed,7.44,0,Pre/Post Monsoon,2019-10-23,1
Cherrapunji,Meghalaya,East Khasi Hills,25.3005,91.7042,1484,27.9,8.3,4.6,14.8,5.2,42.9,5.5,991.5,Open Forest,Clay,Mixed,6.37,0,Winter,2019-12-22,0
Cherrapunji,Meghalaya,East Khasi Hills,25.3005,91.7042,1484,27.9,16.0,10.1,24.7,16.8,55.6,4.3,957.5,Open Forest,Clay Loam,Igneous,8.35,0,Spring,2020-02-20,0
Cherrapunji,Meghalaya,East Khasi Hills,25.3005,91.7042,1484,27.9,90.6,5.9,73.7,15.7,67.7,2.6,957.1,Shrubland,Clay Loam,Soft Sedimentary,3.76,1,Pre/Post Monsoon,2020-04-20,1
Cherrapunji,Meghalaya,East Khasi Hills,25.3005,91.7042,1484,27.9,209.6,23.2,100,6.0,96.2,2.9,1000.8,Shrubland,Sandy Clay Loam,Metamorphic,4.36,0,Monsoon,2020-06-19,1
Cherrapunji,Meghalaya,East Khasi Hills,25.3005,91.7042,1484,27.9,155.6,17.7,100,15.3,94.8,9.2,1007.9,Open Forest,Sandy Clay Loam,Soft Sedimentary,11.69,1,Monsoon,2020-08-18,1
Cherrapunji,Meghalaya,East Khasi Hills,25.3005,91.7042,1484,27.9,59.3,16.8,56.0,18.4,76.0,5.5,972.8,Open Forest,Sandy Clay Loam,Hard Sedimentary,5.01,0,Pre/Post Monsoon,2020-10-17,0
Cherrapunji,Meghalaya,East Khasi Hills,25.3005,91.7042,1484,27.9,2.2,0.7,22.5,14.3,59.1,2.4,969.7,Dense Forest,Clay,Metamorphic,5.59,0,Winter,2020-12-16,0
Cherrapunji,Meghalaya,East Khasi Hills,25.3005,91.7042,1484,27.9,22.9,6.1,42.3,9.9,74.6,10.9,998.1,Shrubland,Sandy Loam,Soft Sedimentary,11.98,0,Spring,2021-02-14,0
Cherrapunji,Meghalaya,East Khasi Hills,25.3005,91.7042,1484,27.9,71.8,18.5,65.2,9.4,68.0,11.8,994.5,Open Forest,Clay Loam,Metamorphic,11.71,1,Pre/Post Monsoon,2021-04-15,1
Cherrapunji,Meghalaya,East Khasi Hills,25.3005,91.7042,1484,27.9,106.0,48.5,93.0,7.5,93.1,7.8,966.4,Agriculture,Loam,Igneous,8.07,0,Monsoon,2021-06-14,1
Cherrapunji,Meghalaya,East Khasi Hills,25.3005,91.7042,1484,27.9,109.2,33.2,86.1,10.9,82.2,11.4,951.8,Dense Forest,Clay Loam,Igneous,8.2,0,Monsoon,2021-08-13,1
Cherrapunji,Meghalaya,East Khasi Hills,25.3005,91.7042,1484,27.9,42.2,17.4,49.3,4.3,67.4,9.7,997.6,Open Forest,Loam,Igneous,5.98,1,Pre/Post Monsoon,2021-10-12,1
Cherrapunji,Meghalaya,East Khasi Hills,25.3005,91.7042,1484,27.9,19.1,0.2,27.1,17.7,50.8,5.1,972.6,Agriculture,Clay Loam,Soft Sedimentary,2.29,0,Winter,2021-12-11,0
Cherrapunji,Meghalaya,East Khasi Hills,25.3005,91.7042,1484,27.9,32.2,3.3,37.6,10.9,67.9,8.8,989.6,Barren/Rocky,Sandy Clay Loam,Igneous,5.82,0,Spring,2022-02-09,0
Cherrapunji,Meghalaya,East Khasi Hills,25.3005,91.7042,1484,27.9,51.1,16.8,56.8,13.9,74.4,4.8,953.7,Barren/Rocky,Clay Loam,Hard Sedimentary,10.08,1,Pre/Post Monsoon,2022-04-10,1
Cherrapunji,Meghalaya,East Khasi Hills,25.3005,91.7042,1484,27.9,189.5,40.0,100,9.9,86.9,6.1,953.4,Open Forest,Sandy Loam,Hard Sedimentary,7.85,0,Monsoon,2022-06-09,1
Cherrapunji,Meghalaya,East Khasi Hills,25.3005,91.7042,1484,27.9,203.0,19.6,100,11.7,83.1,8.6,975.3,Barren/Rocky,Clay,Metamorphic,0.44,0,Monsoon,2022-08-08,1
Cherrapunji,Meghalaya,East Khasi Hills,25.3005,91.7042,1484,27.9,60.2,12.8,56.9,16.0,79.3,8.8,970.2,Barren/Rocky,Loam,Hard Sedimentary,7.45,1,Pre/Post Monsoon,2022-10-07,1
Cherrapunji,Meghalaya,East Khasi Hills,25.3005,91.7042,1484,27.9,12.7,4.9,18.8,16.7,41.9,4.7,967.8,Barren/Rocky,Clay,Hard Sedimentary,7.57,0,Winter,2022-12-06,1
Cherrapunji,Meghalaya,East Khasi Hills,25.3005,91.7042,1484,27.9,35.7,4.7,41.4,11.6,64.2,5.5,954.6,Shrubland,Sandy Clay Loam,Metamorphic,5.31,0,Spring,2023-02-04,0
Cherrapunji,Meghalaya,East Khasi Hills,25.3005,91.7042,1484,27.9,50.1,15.3,60.0,11.8,81.8,8.3,981.0,Open Forest,Sandy Clay Loam,Igneous,2.71,0,Pre/Post Monsoon,2023-04-05,0
Cherrapunji,Meghalaya,East Khasi Hills,25.3005,91.7042,1484,27.9,124.8,40.5,100,16.7,94.6,11.3,993.6,Dense Forest,Sandy Clay Loam,Hard Sedimentary,4.5,1,Monsoon,2023-06-04,1
Cherrapunji,Meghalaya,East Khasi Hills,25.3005,91.7042,1484,27.9,199.7,31.4,100,17.6,95.5,10.5,966.0,Shrubland,Sandy Loam,Metamorphic,8.3,1,Monsoon,2023-08-03,1
Cherrapunji,Meghalaya,East Khasi Hills,25.3005,91.7042,1484,27.9,45.4,9.9,55.5,10.5,85.7,6.4,988.8,Dense Forest,Sandy Loam,Hard Sedimentary,3.42,1,Pre/Post Monsoon,2023-10-02,1
Cherrapunji,Meghalaya,East Khasi Hills,25.3005,91.7042,1484,27.9,13.2,0.9,28.6,18.5,61.3,2.2,1001.6,Dense Forest,Loam,Mixed,3.72,1,Winter,2023-12-01,1
Cherrapunji,Meghalaya,East Khasi Hills,25.3005,91.7042,1484,27.9,13.4,4.4,28.3,16.5,49.9,4.4,984.3,Barren/Rocky,Clay Loam,Mixed,8.04,0,Winter,2024-01-30,0
Cherrapunji,Meghalaya,East Khasi Hills,25.3005,91.7042,1484,27.9,32.4,2.9,38.7,15.4,65.0,10.3,994.2,Open Forest,Clay,Hard Sedimentary,1.9,1,Spring,2024-03-30,0
Cherrapunji,Meghalaya,East Khasi Hills,25.3005,91.7042,1484,27.9,62.7,22.3,59.7,11.6,66.4,3.1,982.7,Agriculture,Sandy Loam,Metamorphic,10.58,0,Pre/Post Monsoon,2024-05-29,1
Cherrapunji,Meghalaya,East Khasi Hills,25.3005,91.7042,1484,27.9,196.8,15.8,100,12.7,97.4,8.6,1006.5,Open Forest,Loam,Mixed,4.74,0,Monsoon,2024-07-28,1
Cherrapunji,Meghalaya,East Khasi Hills,25.3005,91.7042,1484,27.9,72.8,9.7,71.3,3.2,76.1,11.3,1005.1,Shrubland,Clay Loam,Hard Sedimentary,3.71,0,Pre/Post Monsoon,2024-09-26,0
Cherrapunji,Meghalaya,East Khasi Hills,25.3005,91.7042,1484,27.9,12.6,4.4,23.0,9.6,59.2,10.7,999.4,Agriculture,Clay,Igneous,11.13,1,Winter,2024-11-25,1
Cherrapunji,Meghalaya,East Khasi Hills,25.3005,91.7042,1484,27.9,16.5,3.5,28.5,8.7,52.7,10.1,994.3,Agriculture,Clay Loam,Soft Sedimentary,7.77,1,Winter,2025-01-24,1
Cherrapunji,Meghalaya,East Khasi Hills,25.3005,91.7042,1484,27.9,15.1,4.0,24.6,12.3,57.6,4.5,992.8,Open Forest,Sandy Clay Loam,Igneous,9.55,1,Spring,2025-03-25,1
Cherrapunji,Meghalaya,East Khasi Hills,25.3005,91.7042,1484,27.9,50.9,18.7,54.9,15.8,85.7,6.1,960.9,Agriculture,Sandy Clay Loam,Hard Sedimentary,0.44,1,Pre/Post Monsoon,2025-05-24,1
Cherrapunji,Meghalaya,East Khasi Hills,25.3005,91.7042,1484,27.9,207.9,54.0,100,14.3,83.6,6.0,975.7,Shrubland,Sandy Loam,Soft Sedimentary,11.5,1,Monsoon,2025-07-23,1
Cherrapunji,Meghalaya,East Khasi Hills,25.3005,91.7042,1484,27.9,87.5,13.7,80.7,10.3,88.0,3.2,992.8,Open Forest,Loam,Metamorphic,9.01,1,Pre/Post Monsoon,2025-09-21,1
Cherrapunji,Meghalaya,East Khasi Hills,25.3005,91.7042,1484,27.9,12.0,5.0,22.3,13.9,47.1,6.1,958.8,Shrubland,Loam,Hard Sedimentary,7.49,0,Winter,2025-11-20,0
Gangtok,Sikkim,East Sikkim,27.3389,88.6065,1436,31.5,1.7,2.3,21.5,18.8,61.8,4.1,973.0,Agriculture,Sandy Clay Loam,Metamorphic,1.06,0,Winter,2018-01-01,0
Gangtok,Sikkim,East Sikkim,27.3389,88.6065,1436,31.5,31.5,5.5,43.1,13.9,65.2,9.1,998.6,Dense Forest,Loam,Mixed,7.51,1,Spring,2018-03-02,1
Gangtok,Sikkim,East Sikkim,27.3389,88.6065,1436,31.5,40.6,22.8,42.1,6.1,66.0,6.9,970.4,Agriculture,Sandy Loam,Soft Sedimentary,3.94,0,Pre/Post Monsoon,2018-05-01,1
Gangtok,Sikkim,East Sikkim,27.3389,88.6065,1436,31.5,130.7,54.1,100,18.8,89.0,5.6,975.8,Shrubland,Sandy Clay Loam,Metamorphic,6.3,1,Monsoon,2018-06-30,1
Gangtok,Sikkim,East Sikkim,27.3389,88.6065,1436,31.5,189.3,21.1,100,13.7,95.4,2.5,958.9,Open Forest,Sandy Loam,Soft Sedimentary,5.75,1,Monsoon,2018-08-29,1
Gangtok,Sikkim,East Sikkim,27.3389,88.6065,1436,31.5,109.6,23.5,85.5,8.9,66.0,6.9,979.6,Open Forest,Clay Loam,Metamorphic,1.3,0,Pre/Post Monsoon,2018-10-28,1
Gangtok,Sikkim,East Sikkim,27.3389,88.6065,1436,31.5,15.0,4.1,24.3,13.8,54.1,12.0,950.2,Barren/Rocky,Sandy Loam,Igneous,11.06,1,Winter,2018-12-27,1
Gangtok,Sikkim,East Sikkim,27.3389,88.6065,1436,31.5,46.1,2.3,47.7,14.1,67.0,7.9,1007.1,Shrubland,Sandy Loam,Soft Sedimentary,1.16,0,Spring,2019-02-25,0
Gangtok,Sikkim,East Sikkim,27.3389,88.6065,1436,31.5,80.3,10.4,68.1,8.5,81.5,8.2,977.2,Barren/Rocky,Sandy Loam,Hard Sedimentary,10.39,0,Pre/Post Monsoon,2019-04-26,1
Gangtok,Sikkim,East Sikkim,27.3389,88.6065,1436,31.5,186.7,36.9,100,4.7,90.8,4.4,996.3,Agriculture,Clay Loam,Soft Sedimentary,10.26,1,Monsoon,2019-06-25,1
Gangtok,Sikkim,East Sikkim,27.3389,88.6065,1436,31.5,174.1,53.2,100,8.0,82.8,9.4,1005.3,Barren/Rocky,Sandy Loam,Metamorphic,8.05,0,Monsoon,2019-08-24,1
Gangtok,Sikkim,East Sikkim,27.3389,88.6065,1436,31.5,65.6,12.8,57.1,12.8,71.7,6.2,972.1,Open Forest,Clay,Igneous,1.3,0,Pre/Post Monsoon,2019-10-23,1
Gangtok,Sikkim,East Sikkim,27.3389,88.6065,1436,31.5,13.0,3.6,30.7,11.6,63.3,2.8,978.1,Dense Forest,Clay,Metamorphic,1.95,1,Winter,2019-12-22,1
Gangtok,Sikkim,East Sikkim,27.3389,88.6065,1436,31.5,33.3,5.0,31.7,4.4,51.2,3.1,975.5,Dense Forest,Clay,Mixed,9.79,1,Spring,2020-02-20,1
Gangtok,Sikkim,East Sikkim,27.3389,88.6065,1436,31.5,39.1,18.2,44.8,6.1,69.5,2.8,1002.6,Shrubland,Loam,Mixed,8.74,0,Pre/Post Monsoon,2020-04-20,1
Gangtok,Sikkim,East Sikkim,27.3389,88.6065,1436,31.5,134.4,51.7,100,6.6,94.6,11.8,965.6,Dense Forest,Clay,Mixed,0.41,1,Monsoon,2020-06-19,1
Gangtok,Sikkim,East Sikkim,27.3389,88.6065,1436,31.5,149.8,31.2,100,15.1,91.8,5.0,998.8,Barren/Rocky,Loam,Igneous,9.69,1,Monsoon,2020-08-18,1
Gangtok,Sikkim,East Sikkim,27.3389,88.6065,1436,31.5,39.0,5.3,49.8,17.0,89.3,8.5,989.0,Agriculture,Sandy Clay Loam,Hard Sedimentary,1.22,0,Pre/Post Monsoon,2020-10-17,0
Gangtok,Sikkim,East Sikkim,27.3389,88.6065,1436,31.5,0.4,0.8,20.2,14.5,43.8,6.7,1001.6,Barren/Rocky,Sandy Loam,Hard Sedimentary,3.68,0,Winter,2020-12-16,0
Gangtok,Sikkim,East Sikkim,27.3389,88.6065,1436,31.5,15.3,8.3,35.6,18.9,67.8,9.4,985.8,Barren/Rocky,Loam,Soft Sedimentary,5.95,0,Spring,2021-02-14,0
Gangtok,Sikkim,East Sikkim,27.3389,88.6065,1436,31.5,48.6,6.2,50.2,12.4,65.5,4.7,988.9,Agriculture,Clay Loam,Igneous,7.55,0,Pre/Post Monsoon,2021-04-15,0
Gangtok,Sikkim,East Sikkim,27.3389,88.6065,1436,31.5,92.7,26.5,77.5,8.7,83.5,4.2,1004.5,Shrubland,Sandy Clay Loam,Igneous,1.75,1,Monsoon,2021-06-14,1
Gangtok,Sikkim,East Sikkim,27.3389,88.6065,1436,31.5,198.3,41.9,100,15.9,93.2,10.4,987.3,Shrubland,Clay Loam,Igneous,1.72,1,Monsoon,2021-08-13,1
Gangtok,Sikkim,East Sikkim,27.3389,88.6065,1436,31.5,93.5,23.9,79.1,7.0,77.3,12.0,971.5,Shrubland,Loam,Hard Sedimentary,2.26,0,Pre/Post Monsoon,2021-10-12,1
Gangtok,Sikkim,East Sikkim,27.3389,88.6065,1436,31.5,6.8,0.6,19.6,12.2,45.7,11.9,997.1,Dense Forest,Sandy Clay Loam,Metamorphic,10.78,0,Winter,2021-12-11,1
Gangtok,Sikkim,East Sikkim,27.3389,88.6065,1436,31.5,39.7,11.3,46.6,10.5,60.9,3.1,956.4,Barren/Rocky,Sandy Clay Loam,Soft Sedimentary,9.92,1,Spring,2022-02-09,1
Gangtok,Sikkim,East Sikkim,27.3389,88.6065,1436,31.5,99.7,23.2,78.4,7.9,68.9,7.1,994.0,Dense Forest,Sandy Loam,Metamorphic,4.15,1,Pre/Post Monsoon,2022-04-10,1
Gangtok,Sikkim,East Sikkim,27.3389,88.6065,1436,31.5,216.1,45.8,100,16.6,80.1,4.9,960.3,Shrubland,Loam,Igneous,4.46,0,Monsoon,2022-06-09,1
Gangtok,Sikkim,East Sikkim,27.3389,88.6065,1436,31.5,192.3,20.5,100,17.9,87.7,11.5,981.0,Shrubland,Clay Loam,Igneous,1.92,1,Monsoon,2022-08-08,1
Gangtok,Sikkim,East Sikkim,27.3389,88.6065,1436,31.5,36.8,11.3,47.2,5.8,89.5,9.6,989.6,Open Forest,Sandy Clay Loam,Soft Sedimentary,11.74,0,Pre/Post Monsoon,2022-10-07,1
Gangtok,Sikkim,East Sikkim,27.3389,88.6065,1436,31.5,8.4,4.4,27.0,17.2,57.5,5.1,970.6,Shrubland,Sandy Clay Loam,Mixed,11.06,0,Winter,2022-12-06,0
Gangtok,Sikkim,East Sikkim,27.3389,88.6065,1436,31.5,46.1,8.2,46.7,10.3,65.5,10.1,988.9,Open Forest,Loam,Soft Sedimentary,0.64,1,Spring,2023-02-04,1
Gangtok,Sikkim,East Sikkim,27.3389,88.6065,1436,31.5,71.6,15.8,62.1,11.4,70.3,5.4,988.1,Dense Forest,Clay Loam,Mixed,7.19,1,Pre/Post Monsoon,2023-04-05,1
Gangtok,Sikkim,East Sikkim,27.3389,88.6065,1436,31.5,218.3,19.4,100,9.2,81.1,5.5,952.9,Dense Forest,Clay,Metamorphic,6.95,1,Monsoon,2023-06-04,1
Gangtok,Sikkim,East Sikkim,27.3389,88.6065,1436,31.5,194.7,54.6,100,17.5,90.2,7.3,985.7,Shrubland,Loam,Metamorphic,8.07,0,Monsoon,2023-08-03,1
Gangtok,Sikkim,East Sikkim,27.3389,88.6065,1436,31.5,87.1,15.4,73.7,8.5,71.2,10.2,971.7,Dense Forest,Sandy Loam,Igneous,9.98,1,Pre/Post Monsoon,2023-10-02,1
Gangtok,Sikkim,East Sikkim,27.3389,88.6065,1436,31.5,9.5,2.2,23.4,11.6,49.2,7.2,973.7,Shrubland,Sandy Clay Loam,Igneous,7.71,0,Winter,2023-12-01,0
Gangtok,Sikkim,East Sikkim,27.3389,88.6065,1436,31.5,14.6,2.1,23.3,11.3,44.1,6.6,1008.1,Barren/Rocky,Sandy Clay Loam,Soft Sedimentary,8.39,1,Winter,2024-01-30,1
Gangtok,Sikkim,East Sikkim,27.3389,88.6065,1436,31.5,48.0,5.7,51.3,12.8,73.8,3.2,984.3,Dense Forest,Sandy Clay Loam,Hard Sedimentary,1.59,1,Spring,2024-03-30,1
Gangtok,Sikkim,East Sikkim,27.3389,88.6065,1436,31.5,68.9,20.8,57.4,12.6,68.6,10.9,1003.3,Open Forest,Sandy Loam,Igneous,0.22,0,Pre/Post Monsoon,2024-05-29,1
Gangtok,Sikkim,East Sikkim,27.3389,88.6065,1436,31.5,144.3,37.9,100,17.6,90.2,6.8,993.2,Barren/Rocky,Sandy Loam,Hard Sedimentary,6.16,1,Monsoon,2024-07-28,1
Gangtok,Sikkim,East Sikkim,27.3389,88.6065,1436,31.5,41.9,19.6,47.8,13.2,67.2,5.9,1004.0,Shrubland,Sandy Clay Loam,Soft Sedimentary,11.51,0,Pre/Post Monsoon,2024-09-26,1
Gangtok,Sikkim,East Sikkim,27.3389,88.6065,1436,31.5,17.3,3.5,30.6,16.0,54.3,7.6,957.4,Barren/Rocky,Clay Loam,Hard Sedimentary,11.47,0,Winter,2024-11-25,0
Gangtok,Sikkim,East Sikkim,27.3389,88.6065,1436,31.5,15.0,2.5,22.7,13.7,40.5,11.6,966.5,Open Forest,Sandy Loam,Mixed,5.44,0,Winter,2025-01-24,0
Gangtok,Sikkim,East Sikkim,27.3389,88.6065,1436,31.5,35.6,6.9,42.1,8.7,73.3,2.2,981.7,Agriculture,Loam,Soft Sedimentary,1.55,1,Spring,2025-03-25,1
Gangtok,Sikkim,East Sikkim,27.3389,88.6065,1436,31.5,44.6,20.4,50.4,18.4,68.9,2.6,1007.7,Open Forest,Clay Loam,Soft Sedimentary,3.72,1,Pre/Post Monsoon,2025-05-24,1
Gangtok,Sikkim,East Sikkim,27.3389,88.6065,1436,31.5,123.5,52.7,99.0,4.0,96.2,8.0,964.2,Barren/Rocky,Sandy Clay Loam,Igneous,11.4,1,Monsoon,2025-07-23,1
Gangtok,Sikkim,East Sikkim,27.3389,88.6065,1436,31.5,35.2,5.6,42.9,17.8,80.8,7.5,985.2,Dense Forest,Sandy Loam,Mixed,7.89,1,Pre/Post Monsoon,2025-09-21,0
Gangtok,Sikkim,East Sikkim,27.3389,88.6065,1436,31.5,1.7,3.2,15.4,18.7,45.1,11.9,996.9,Barren/Rocky,Clay,Mixed,5.53,1,Winter,2025-11-20,0
Namchi,Sikkim,South Sikkim,27.1774,88.349,550,22.1,13.1,0.8,19.4,20.9,41.5,4.5,990.8,Shrubland,Sandy Loam,Mixed,10.12,0,Winter,2018-01-01,0
Namchi,Sikkim,South Sikkim,27.1774,88.349,550,22.1,33.7,2.7,40.1,17.3,52.2,9.3,1009.9,Agriculture,Sandy Loam,Mixed,6.16,0,Spring,2018-03-02,0
Namchi,Sikkim,South Sikkim,27.1774,88.349,550,22.1,80.8,24.6,75.0,10.5,82.7,5.2,962.6,Barren/Rocky,Loam,Soft Sedimentary,10.99,1,Pre/Post Monsoon,2018-05-01,1
Namchi,Sikkim,South Sikkim,27.1774,88.349,550,22.1,90.6,15.4,80.9,15.1,83.1,6.9,973.6,Dense Forest,Clay Loam,Mixed,0.57,0,Monsoon,2018-06-30,1
Namchi,Sikkim,South Sikkim,27.1774,88.349,550,22.1,135.9,47.5,100,11.9,94.9,9.7,991.8,Dense Forest,Clay Loam,Igneous,4.57,1,Monsoon,2018-08-29,1
Namchi,Sikkim,South Sikkim,27.1774,88.349,550,22.1,90.7,18.6,82.0,9.2,82.7,8.3,998.5,Open Forest,Sandy Loam,Igneous,11.61,1,Pre/Post Monsoon,2018-10-28,1
Namchi,Sikkim,South Sikkim,27.1774,88.349,550,22.1,0.1,4.9,17.4,7.9,56.0,7.0,960.2,Open Forest,Sandy Clay Loam,Mixed,6.87,1,Winter,2018-12-27,1
Namchi,Sikkim,South Sikkim,27.1774,88.349,550,22.1,19.5,11.3,38.0,20.3,71.4,4.7,1000.9,Dense Forest,Sandy Clay Loam,Mixed,3.18,0,Spring,2019-02-25,0
Namchi,Sikkim,South Sikkim,27.1774,88.349,550,22.1,81.3,23.9,67.2,21.2,66.3,12.0,966.4,Barren/Rocky,Clay,Igneous,4.47,0,Pre/Post Monsoon,2019-04-26,1
Namchi,Sikkim,South Sikkim,27.1774,88.349,550,22.1,96.1,51.7,83.1,11.2,89.6,5.3,1002.8,Dense Forest,Sandy Loam,Igneous,11.5,0,Monsoon,2019-06-25,1
Namchi,Sikkim,South Sikkim,27.1774,88.349,550,22.1,130.4,40.0,100,13.8,81.7,7.9,987.6,Shrubland,Loam,Hard Sedimentary,1.47,1,Monsoon,2019-08-24,1
Namchi,Sikkim,South Sikkim,27.1774,88.349,550,22.1,95.7,15.4,78.5,7.3,70.9,6.4,955.7,Agriculture,Sandy Clay Loam,Soft Sedimentary,1.21,1,Pre/Post Monsoon,2019-10-23,1
Namchi,Sikkim,South Sikkim,27.1774,88.349,550,22.1,17.8,3.5,33.7,7.2,59.6,2.5,986.6,Agriculture,Clay Loam,Soft Sedimentary,8.2,0,Winter,2019-12-22,0
Namchi,Sikkim,South Sikkim,27.1774,88.349,550,22.1,28.4,3.0,40.7,9.9,68.8,8.6,950.6,Agriculture,Clay,Igneous,10.58,0,Spring,2020-02-20,1
Namchi,Sikkim,South Sikkim,27.1774,88.349,550,22.1,66.3,11.6,61.9,7.8,69.8,2.7,997.4,Open Forest,Sandy Clay Loam,Hard Sedimentary,7.72,0,Pre/Post Monsoon,2020-04-20,0
Namchi,Sikkim,South Sikkim,27.1774,88.349,550,22.1,114.2,20.5,91.9,8.2,80.8,7.1,989.1,Shrubland,Loam,Mixed,10.65,0,Monsoon,2020-06-19,1
Namchi,Sikkim,South Sikkim,27.1774,88.349,550,22.1,168.4,26.6,100,14.4,97.5,3.4,964.2,Barren/Rocky,Clay Loam,Igneous,4.26,0,Monsoon,2020-08-18,1
Namchi,Sikkim,South Sikkim,27.1774,88.349,550,22.1,92.8,11.8,84.5,17.3,81.7,8.0,969.9,Barren/Rocky,Sandy Clay Loam,Metamorphic,7.47,0,Pre/Post Monsoon,2020-10-17,0
Namchi,Sikkim,South Sikkim,27.1774,88.349,550,22.1,17.5,4.6,29.4,20.9,52.4,8.9,978.0,Open Forest,Sandy Loam,Igneous,8.87,0,Winter,2020-12-16,0
Namchi,Sikkim,South Sikkim,27.1774,88.349,550,22.1,40.9,4.1,40.2,22.0,54.6,2.7,951.8,Dense Forest,Sandy Loam,Metamorphic,5.4,0,Spring,2021-02-14,0
Namchi,Sikkim,South Sikkim,27.1774,88.349,550,22.1,33.5,5.6,46.8,9.0,69.9,9.2,970.4,Barren/Rocky,Sandy Loam,Hard Sedimentary,2.51,1,Pre/Post Monsoon,2021-04-15,1
Namchi,Sikkim,South Sikkim,27.1774,88.349,550,22.1,92.7,42.1,77.5,18.8,86.8,11.4,968.3,Open Forest,Loam,Metamorphic,8.0,0,Monsoon,2021-06-14,0
Namchi,Sikkim,South Sikkim,27.1774,88.349,550,22.1,204.2,17.6,100,21.0,82.6,3.9,972.7,Shrubland,Loam,Mixed,5.27,0,Monsoon,2021-08-13,1
Namchi,Sikkim,South Sikkim,27.1774,88.349,550,22.1,98.4,10.9,79.4,10.1,68.7,4.8,957.6,Barren/Rocky,Sandy Clay Loam,Igneous,2.67,1,Pre/Post Monsoon,2021-10-12,1
Namchi,Sikkim,South Sikkim,27.1774,88.349,550,22.1,3.3,1.9,22.3,18.2,62.1,7.2,960.7,Shrubland,Sandy Clay Loam,Igneous,8.64,0,Winter,2021-12-11,0
Namchi,Sikkim,South Sikkim,27.1774,88.349,550,22.1,29.0,11.2,35.8,6.8,64.6,4.0,1001.8,Agriculture,Sandy Loam,Metamorphic,5.22,0,Spring,2022-02-09,0
Namchi,Sikkim,South Sikkim,27.1774,88.349,550,22.1,50.4,6.7,57.2,10.9,83.8,4.3,952.5,Barren/Rocky,Sandy Clay Loam,Metamorphic,5.23,0,Pre/Post Monsoon,2022-04-10,0
Namchi,Sikkim,South Sikkim,27.1774,88.349,550,22.1,131.2,30.3,100,9.9,83.2,5.6,954.9,Barren/Rocky,Sandy Clay Loam,Mixed,7.8,0,Monsoon,2022-06-09,1
Namchi,Sikkim,South Sikkim,27.1774,88.349,550,22.1,105.4,29.4,91.2,11.5,89.8,4.5,994.7,Shrubland,Sandy Loam,Mixed,11.98,0,Monsoon,2022-08-08,1
Namchi,Sikkim,South Sikkim,27.1774,88.349,550,22.1,30.7,11.0,45.9,18.7,85.6,6.1,984.8,Dense Forest,Clay,Mixed,11.87,0,Pre/Post Monsoon,2022-10-07,0
Namchi,Sikkim,South Sikkim,27.1774,88.349,550,22.1,4.5,3.7,23.5,14.4,51.9,9.6,993.4,Agriculture,Loam,Soft Sedimentary,3.89,1,Winter,2022-12-06,0
Namchi,Sikkim,South Sikkim,27.1774,88.349,550,22.1,22.3,6.5,35.4,12.2,64.0,3.3,1006.6,Dense Forest,Clay,Metamorphic,4.21,0,Spring,2023-02-04,0
Namchi,Sikkim,South Sikkim,27.1774,88.349,550,22.1,91.0,18.8,76.1,15.6,72.5,2.3,958.3,Shrubland,Sandy Clay Loam,Mixed,10.98,0,Pre/Post Monsoon,2023-04-05,0
Namchi,Sikkim,South Sikkim,27.1774,88.349,550,22.1,116.5,30.6,91.6,9.2,89.6,7.7,977.1,Shrubland,Clay Loam,Hard Sedimentary,1.43,0,Monsoon,2023-06-04,0
Namchi,Sikkim,South Sikkim,27.1774,88.349,550,22.1,93.5,23.0,82.2,12.3,96.4,4.9,981.5,Agriculture,Clay Loam,Metamorphic,6.32,1,Monsoon,2023-08-03,1
Namchi,Sikkim,South Sikkim,27.1774,88.349,550,22.1,61.3,24.8,60.0,12.9,68.2,5.9,1004.2,Open Forest,Sandy Loam,Hard Sedimentary,3.86,0,Pre/Post Monsoon,2023-10-02,1
Namchi,Sikkim,South Sikkim,27.1774,88.349,550,22.1,12.1,4.7,27.6,14.2,54.7,4.8,950.4,Open Forest,Clay,Soft Sedimentary,9.93,0,Winter,2023-12-01,0
Namchi,Sikkim,South Sikkim,27.1774,88.349,550,22.1,6.6,2.8,17.3,13.6,52.3,2.9,988.8,Agriculture,Loam,Metamorphic,4.81,0,Winter,2024-01-30,0
Namchi,Sikkim,South Sikkim,27.1774,88.349,550,22.1,29.5,3.8,38.0,13.1,65.4,8.6,991.9,Dense Forest,Clay,Soft Sedimentary,3.03,0,Spring,2024-03-30,0
Namchi,Sikkim,South Sikkim,27.1774,88.349,550,22.1,83.3,6.3,79.0,20.6,83.2,6.1,995.7,Dense Forest,Loam,Soft Sedimentary,9.11,0,Pre/Post Monsoon,2024-05-29,0
Namchi,Sikkim,South Sikkim,27.1774,88.349,550,22.1,148.6,25.1,100,13.6,89.1,8.9,995.0,Agriculture,Loam,Igneous,10.3,0,Monsoon,2024-07-28,1
Namchi,Sikkim,South Sikkim,27.1774,88.349,550,22.1,86.7,7.7,75.9,13.6,81.8,2.8,989.4,Agriculture,Sandy Loam,Igneous,9.88,0,Pre/Post Monsoon,2024-09-26,1
Namchi,Sikkim,South Sikkim,27.1774,88.349,550,22.1,12.1,0.9,18.4,18.0,43.1,8.7,950.7,Shrubland,Sandy Loam,Igneous,4.43,1,Winter,2024-11-25,0
Namchi,Sikkim,South Sikkim,27.1774,88.349,550,22.1,8.8,0.2,26.0,14.5,55.9,8.6,956.2,Shrubland,Clay,Soft Sedimentary,7.26,1,Winter,2025-01-24,0
Namchi,Sikkim,South Sikkim,27.1774,88.349,550,22.1,47.5,5.7,44.9,7.6,56.0,11.9,970.2,Open Forest,Clay Loam,Hard Sedimentary,11.51,1,Spring,2025-03-25,1
Namchi,Sikkim,South Sikkim,27.1774,88.349,550,22.1,87.9,5.9,73.8,19.2,77.8,8.3,987.5,Barren/Rocky,Clay,Igneous,1.63,1,Pre/Post Monsoon,2025-05-24,1
Namchi,Sikkim,South Sikkim,27.1774,88.349,550,22.1,91.9,41.2,75.8,9.6,80.2,8.6,966.7,Barren/Rocky,Loam,Soft Sedimentary,0.99,1,Monsoon,2025-07-23,1
Namchi,Sikkim,South Sikkim,27.1774,88.349,550,22.1,108.6,7.0,90.7,22.0,78.4,3.7,1007.5,Barren/Rocky,Loam,Igneous,8.2,0,Pre/Post Monsoon,2025-09-21,1
Namchi,Sikkim,South Sikkim,27.1774,88.349,550,22.1,3.5,3.8,23.6,21.8,57.2,2.7,951.1,Barren/Rocky,Clay,Igneous,6.23,0,Winter,2025-11-20,0
Dima Hasao,Assam,Dima Hasao,25.165,93.65,750,26.8,14.1,0.1,18.2,17.6,40.5,4.4,975.7,Open Forest,Sandy Clay Loam,Soft Sedimentary,0.91,0,Winter,2018-01-01,0
Dima Hasao,Assam,Dima Hasao,25.165,93.65,750,26.8,20.3,4.0,30.0,20.3,50.9,11.5,994.4,Shrubland,Sandy Loam,Metamorphic,3.95,0,Spring,2018-03-02,0
Dima Hasao,Assam,Dima Hasao,25.165,93.65,750,26.8,81.8,10.8,66.3,19.1,65.6,4.4,982.4,Open Forest,Sandy Loam,Mixed,10.5,0,Pre/Post Monsoon,2018-05-01,1
Dima Hasao,Assam,Dima Hasao,25.165,93.65,750,26.8,98.4,34.7,93.0,6.3,97.2,11.4,957.5,Open Forest,Sandy Clay Loam,Mixed,10.01,0,Monsoon,2018-06-30,1
Dima Hasao,Assam,Dima Hasao,25.165,93.65,750,26.8,145.4,33.7,100,8.7,83.0,8.1,968.2,Barren/Rocky,Clay,Hard Sedimentary,3.41,0,Monsoon,2018-08-29,1
Dima Hasao,Assam,Dima Hasao,25.165,93.65,750,26.8,61.9,8.4,63.0,13.6,76.0,9.6,999.2,Agriculture,Clay Loam,Igneous,5.24,1,Pre/Post Monsoon,2018-10-28,1
Dima Hasao,Assam,Dima Hasao,25.165,93.65,750,26.8,11.9,0.8,26.5,9.6,58.2,6.5,972.5,Barren/Rocky,Clay,Soft Sedimentary,4.13,0,Winter,2018-12-27,0
Dima Hasao,Assam,Dima Hasao,25.165,93.65,750,26.8,15.1,10.6,31.3,11.5,68.3,6.2,973.7,Shrubland,Clay,Igneous,3.83,0,Spring,2019-02-25,1
Dima Hasao,Assam,Dima Hasao,25.165,93.65,750,26.8,109.4,7.5,93.7,8.1,88.3,11.6,996.3,Shrubland,Sandy Clay Loam,Igneous,7.69,0,Pre/Post Monsoon,2019-04-26,0
Dima Hasao,Assam,Dima Hasao,25.165,93.65,750,26.8,210.4,44.4,100,6.1,84.4,8.3,990.6,Open Forest,Loam,Mixed,5.57,0,Monsoon,2019-06-25,1
Dima Hasao,Assam,Dima Hasao,25.165,93.65,750,26.8,91.6,45.8,81.4,20.2,91.6,7.9,1004.1,Barren/Rocky,Sandy Loam,Igneous,2.16,0,Monsoon,2019-08-24,1
Dima Hasao,Assam,Dima Hasao,25.165,93.65,750,26.8,76.9,19.7,75.3,20.3,83.8,3.1,984.4,Shrubland,Sandy Loam,Metamorphic,9.04,0,Pre/Post Monsoon,2019-10-23,1
Dima Hasao,Assam,Dima Hasao,25.165,93.65,750,26.8,0.1,0.8,21.1,7.0,52.3,6.2,975.0,Shrubland,Clay,Hard Sedimentary,2.28,1,Winter,2019-12-22,0
Dima Hasao,Assam,Dima Hasao,25.165,93.65,750,26.8,21.4,11.5,30.1,18.5,61.3,2.6,961.0,Open Forest,Loam,Igneous,5.4,0,Spring,2020-02-20,0
Dima Hasao,Assam,Dima Hasao,25.165,93.65,750,26.8,36.4,6.7,39.1,6.5,68.1,4.3,979.1,Dense Forest,Clay Loam,Soft Sedimentary,3.34,0,Pre/Post Monsoon,2020-04-20,1
Dima Hasao,Assam,Dima Hasao,25.165,93.65,750,26.8,102.6,35.9,89.3,15.1,80.1,9.6,1005.9,Agriculture,Loam,Mixed,5.27,0,Monsoon,2020-06-19,1
Dima Hasao,Assam,Dima Hasao,25.165,93.65,750,26.8,196.2,52.6,100,11.6,92.0,5.6,969.8,Dense Forest,Clay Loam,Igneous,10.47,0,Monsoon,2020-08-18,1
Dima Hasao,Assam,Dima Hasao,25.165,93.65,750,26.8,32.1,7.5,47.5,20.7,78.3,4.5,977.1,Agriculture,Sandy Clay Loam,Igneous,7.99,1,Pre/Post Monsoon,2020-10-17,1
Dima Hasao,Assam,Dima Hasao,25.165,93.65,750,26.8,0.3,1.8,12.8,18.4,41.1,6.4,986.4,Agriculture,Sandy Clay Loam,Soft Sedimentary,4.31,0,Winter,2020-12-16,0
Dima Hasao,Assam,Dima Hasao,25.165,93.65,750,26.8,49.5,10.6,50.6,17.2,72.6,4.0,958.6,Barren/Rocky,Sandy Clay Loam,Mixed,0.57,0,Spring,2021-02-14,0
Dima Hasao,Assam,Dima Hasao,25.165,93.65,750,26.8,43.4,13.9,45.1,16.1,67.9,4.1,995.2,Dense Forest,Clay Loam,Igneous,11.92,1,Pre/Post Monsoon,2021-04-15,1
Dima Hasao,Assam,Dima Hasao,25.165,93.65,750,26.8,207.3,45.7,100,9.6,84.0,11.0,957.4,Open Forest,Sandy Clay Loam,Igneous,1.27,0,Monsoon,2021-06-14,1
Dima Hasao,Assam,Dima Hasao,25.165,93.65,750,26.8,173.7,30.1,100,17.3,92.9,8.4,983.7,Agriculture,Sandy Loam,Hard Sedimentary,3.26,1,Monsoon,2021-08-13,1
Dima Hasao,Assam,Dima Hasao,25.165,93.65,750,26.8,89.2,23.7,77.0,7.4,83.6,10.5,1007.2,Barren/Rocky,Clay Loam,Metamorphic,0.93,0,Pre/Post Monsoon,2021-10-12,0
Dima Hasao,Assam,Dima Hasao,25.165,93.65,750,26.8,6.4,1.8,23.7,18.2,57.0,8.0,963.3,Agriculture,Clay Loam,Mixed,10.26,1,Winter,2021-12-11,0
Dima Hasao,Assam,Dima Hasao,25.165,93.65,750,26.8,44.3,7.0,42.3,15.1,61.4,8.7,998.1,Dense Forest,Sandy Clay Loam,Metamorphic,3.84,0,Spring,2022-02-09,0
Dima Hasao,Assam,Dima Hasao,25.165,93.65,750,26.8,80.5,9.3,65.2,21.0,72.3,10.1,959.2,Open Forest,Sandy Loam,Soft Sedimentary,11.09,0,Pre/Post Monsoon,2022-04-10,0
Dima Hasao,Assam,Dima Hasao,25.165,93.65,750,26.8,128.9,47.6,99.8,8.0,96.4,5.9,975.3,Agriculture,Loam,Igneous,4.81,0,Monsoon,2022-06-09,1
Dima Hasao,Assam,Dima Hasao,25.165,93.65,750,26.8,181.1,36.9,100,10.7,81.8,10.7,953.2,Shrubland,Clay,Hard Sedimentary,7.01,0,Monsoon,2022-08-08,1
Dima Hasao,Assam,Dima Hasao,25.165,93.65,750,26.8,46.8,21.1,48.8,15.9,69.9,10.6,956.1,Open Forest,Clay,Igneous,8.22,1,Pre/Post Monsoon,2022-10-07,1
Dima Hasao,Assam,Dima Hasao,25.165,93.65,750,26.8,19.5,0.9,26.7,21.2,41.3,7.9,1008.2,Agriculture,Sandy Loam,Soft Sedimentary,1.6,0,Winter,2022-12-06,0
Dima Hasao,Assam,Dima Hasao,25.165,93.65,750,26.8,37.8,5.8,46.0,18.2,67.3,9.8,1001.9,Agriculture,Loam,Igneous,4.53,1,Spring,2023-02-04,0
Dima Hasao,Assam,Dima Hasao,25.165,93.65,750,26.8,81.3,23.2,74.3,14.9,70.6,6.8,991.6,Dense Forest,Sandy Clay Loam,Hard Sedimentary,4.73,0,Pre/Post Monsoon,2023-04-05,1
Dima Hasao,Assam,Dima Hasao,25.165,93.65,750,26.8,164.3,19.0,100,20.0,81.1,3.8,998.8,Dense Forest,Clay,Mixed,9.85,0,Monsoon,2023-06-04,1
Dima Hasao,Assam,Dima Hasao,25.165,93.65,750,26.8,157.5,38.4,100,18.1,92.8,9.5,1007.9,Dense Forest,Sandy Loam,Mixed,8.4,1,Monsoon,2023-08-03,1
Dima Hasao,Assam,Dima Hasao,25.165,93.65,750,26.8,39.8,7.6,47.1,8.1,70.2,10.5,952.1,Dense Forest,Sandy Clay Loam,Metamorphic,4.49,0,Pre/Post Monsoon,2023-10-02,1
Dima Hasao,Assam,Dima Hasao,25.165,93.65,750,26.8,5.0,0.2,22.9,20.0,63.6,7.3,958.4,Agriculture,Loam,Mixed,10.95,0,Winter,2023-12-01,0
Dima Hasao,Assam,Dima Hasao,25.165,93.65,750,26.8,13.8,3.3,18.4,6.1,41.1,10.6,962.9,Open Forest,Sandy Clay Loam,Mixed,2.75,0,Winter,2024-01-30,0
Dima Hasao,Assam,Dima Hasao,25.165,93.65,750,26.8,36.8,2.7,44.0,11.6,56.4,6.0,955.0,Shrubland,Clay,Hard Sedimentary,6.52,1,Spring,2024-03-30,1
Dima Hasao,Assam,Dima Hasao,25.165,93.65,750,26.8,87.2,16.3,73.0,13.7,81.2,10.2,969.0,Agriculture,Clay,Soft Sedimentary,11.58,1,Pre/Post Monsoon,2024-05-29,1
Dima Hasao,Assam,Dima Hasao,25.165,93.65,750,26.8,178.9,31.3,100,6.9,85.9,9.8,958.8,Open Forest,Loam,Soft Sedimentary,1.36,0,Monsoon,2024-07-28,1
Dima Hasao,Assam,Dima Hasao,25.165,93.65,750,26.8,92.6,7.5,79.2,19.5,78.2,10.1,955.7,Shrubland,Sandy Clay Loam,Metamorphic,6.71,0,Pre/Post Monsoon,2024-09-26,1
Dima Hasao,Assam,Dima Hasao,25.165,93.65,750,26.8,6.4,3.8,20.9,18.4,44.5,9.9,983.1,Agriculture,Clay,Mixed,1.71,1,Winter,2024-11-25,0
Dima Hasao,Assam,Dima Hasao,25.165,93.65,750,26.8,13.2,0.7,30.4,9.8,54.2,8.4,972.2,Open Forest,Sandy Clay Loam,Igneous,8.54,1,Winter,2025-01-24,0
Dima Hasao,Assam,Dima Hasao,25.165,93.65,750,26.8,32.6,4.8,43.0,20.6,60.7,10.1,968.3,Dense Forest,Loam,Igneous,9.29,0,Spring,2025-03-25,1
Dima Hasao,Assam,Dima Hasao,25.165,93.65,750,26.8,88.4,23.9,75.2,6.4,69.1,7.5,979.6,Dense Forest,Clay,Mixed,11.2,1,Pre/Post Monsoon,2025-05-24,1
Dima Hasao,Assam,Dima Hasao,25.165,93.65,750,26.8,142.7,39.7,100,17.4,96.4,9.0,995.0,Open Forest,Sandy Clay Loam,Mixed,0.7,0,Monsoon,2025-07-23,1
Dima Hasao,Assam,Dima Hasao,25.165,93.65,750,26.8,44.0,12.3,43.6,11.2,68.3,7.0,960.2,Dense Forest,Loam,Hard Sedimentary,10.01,0,Pre/Post Monsoon,2025-09-21,0
Dima Hasao,Assam,Dima Hasao,25.165,93.65,750,26.8,6.0,1.5,19.8,17.3,45.3,4.2,968.3,Barren/Rocky,Clay Loam,Igneous,10.73,0,Winter,2025-11-20,0
Karbi Anglong,Assam,Karbi Anglong,26.0,93.5,400,20.5,0.1,2.3,15.2,8.4,47.5,9.2,974.1,Dense Forest,Clay Loam,Igneous,6.01,1,Winter,2018-01-01,0
Karbi Anglong,Assam,Karbi Anglong,26.0,93.5,400,20.5,20.4,3.2,34.5,9.2,62.2,4.3,973.7,Shrubland,Loam,Igneous,10.73,0,Spring,2018-03-02,0
Karbi Anglong,Assam,Karbi Anglong,26.0,93.5,400,20.5,109.1,18.1,89.1,8.9,76.0,2.1,1003.0,Open Forest,Clay Loam,Hard Sedimentary,3.56,1,Pre/Post Monsoon,2018-05-01,1
Karbi Anglong,Assam,Karbi Anglong,26.0,93.5,400,20.5,207.1,21.4,100,14.3,83.6,4.7,975.3,Barren/Rocky,Clay,Hard Sedimentary,4.03,0,Monsoon,2018-06-30,1
Karbi Anglong,Assam,Karbi Anglong,26.0,93.5,400,20.5,107.1,53.3,90.3,8.7,94.3,2.1,991.1,Dense Forest,Loam,Igneous,11.72,0,Monsoon,2018-08-29,1
Karbi Anglong,Assam,Karbi Anglong,26.0,93.5,400,20.5,52.6,6.7,57.7,16.5,75.7,3.9,966.9,Dense Forest,Loam,Hard Sedimentary,8.06,0,Pre/Post Monsoon,2018-10-28,1
Karbi Anglong,Assam,Karbi Anglong,26.0,93.5,400,20.5,14.0,2.5,24.2,22.5,44.5,8.3,963.8,Open Forest,Clay,Soft Sedimentary,3.43,1,Winter,2018-12-27,1
Karbi Anglong,Assam,Karbi Anglong,26.0,93.5,400,20.5,36.6,2.9,36.1,13.2,51.3,8.3,963.9,Shrubland,Clay,Igneous,0.92,0,Spring,2019-02-25,0
Karbi Anglong,Assam,Karbi Anglong,26.0,93.5,400,20.5,38.8,12.3,49.8,18.1,88.6,11.0,960.9,Dense Forest,Clay Loam,Metamorphic,2.7,0,Pre/Post Monsoon,2019-04-26,1
Karbi Anglong,Assam,Karbi Anglong,26.0,93.5,400,20.5,146.0,25.1,100,12.0,88.8,8.7,991.0,Open Forest,Loam,Metamorphic,8.95,0,Monsoon,2019-06-25,1
Karbi Anglong,Assam,Karbi Anglong,26.0,93.5,400,20.5,121.0,26.0,94.3,8.1,90.5,8.3,986.1,Dense Forest,Sandy Clay Loam,Hard Sedimentary,2.48,0,Monsoon,2019-08-24,1
Karbi Anglong,Assam,Karbi Anglong,26.0,93.5,400,20.5,54.1,14.5,55.7,15.2,84.0,3.3,975.1,Shrubland,Sandy Clay Loam,Metamorphic,10.76,0,Pre/Post Monsoon,2019-10-23,0
Karbi Anglong,Assam,Karbi Anglong,26.0,93.5,400,20.5,1.4,2.1,18.1,14.7,63.3,8.0,991.8,Open Forest,Loam,Soft Sedimentary,11.48,1,Winter,2019-12-22,0
Karbi Anglong,Assam,Karbi Anglong,26.0,93.5,400,20.5,40.9,6.0,50.7,20.6,67.1,3.7,995.0,Agriculture,Sandy Clay Loam,Igneous,4.93,0,Spring,2020-02-20,0
Karbi Anglong,Assam,Karbi Anglong,26.0,93.5,400,20.5,75.8,16.8,64.6,21.5,65.2,7.0,993.2,Shrubland,Loam,Hard Sedimentary,3.7,0,Pre/Post Monsoon,2020-04-20,0
Karbi Anglong,Assam,Karbi Anglong,26.0,93.5,400,20.5,95.9,24.5,84.8,9.0,80.7,11.3,966.2,Dense Forest,Sandy Loam,Hard Sedimentary,6.51,1,Monsoon,2020-06-19,1
Karbi Anglong,Assam,Karbi Anglong,26.0,93.5,400,20.5,132.2,52.9,100,10.9,95.9,11.0,967.7,Dense Forest,Clay Loam,Metamorphic,2.79,0,Monsoon,2020-08-18,1
Karbi Anglong,Assam,Karbi Anglong,26.0,93.5,400,20.5,73.0,24.6,65.8,19.2,84.5,9.5,972.9,Shrubland,Sandy Clay Loam,Mixed,2.63,0,Pre/Post Monsoon,2020-10-17,1
Karbi Anglong,Assam,Karbi Anglong,26.0,93.5,400,20.5,11.6,4.0,24.3,9.2,58.8,9.3,972.1,Agriculture,Clay Loam,Igneous,2.34,1,Winter,2020-12-16,0
Karbi Anglong,Assam,Karbi Anglong,26.0,93.5,400,20.5,34.9,11.4,36.4,11.2,54.5,10.9,999.0,Barren/Rocky,Sandy Loam,Soft Sedimentary,1.89,0,Spring,2021-02-14,0
Karbi Anglong,Assam,Karbi Anglong,26.0,93.5,400,20.5,38.0,15.5,51.1,19.6,83.2,5.8,951.2,Dense Forest,Clay Loam,Hard Sedimentary,3.13,1,Pre/Post Monsoon,2021-04-15,1
Karbi Anglong,Assam,Karbi Anglong,26.0,93.5,400,20.5,193.0,15.4,100,15.3,94.2,10.5,955.1,Open Forest,Clay,Mixed,10.73,0,Monsoon,2021-06-14,1
Karbi Anglong,Assam,Karbi Anglong,26.0,93.5,400,20.5,110.1,17.2,89.1,16.7,92.5,10.2,956.2,Shrubland,Clay Loam,Mixed,10.66,0,Monsoon,2021-08-13,1
Karbi Anglong,Assam,Karbi Anglong,26.0,93.5,400,20.5,31.9,13.5,38.9,17.2,68.7,10.8,973.1,Dense Forest,Clay,Hard Sedimentary,11.89,1,Pre/Post Monsoon,2021-10-12,0
Karbi Anglong,Assam,Karbi Anglong,26.0,93.5,400,20.5,7.1,3.1,23.2,21.4,43.0,11.0,986.3,Open Forest,Clay,Mixed,4.15,1,Winter,2021-12-11,0
Karbi Anglong,Assam,Karbi Anglong,26.0,93.5,400,20.5,36.9,4.9,45.4,11.0,71.9,5.7,965.9,Dense Forest,Clay Loam,Hard Sedimentary,9.38,1,Spring,2022-02-09,0
Karbi Anglong,Assam,Karbi Anglong,26.0,93.5,400,20.5,87.7,20.7,76.0,7.7,77.0,11.6,966.7,Dense Forest,Loam,Hard Sedimentary,2.35,0,Pre/Post Monsoon,2022-04-10,0
Karbi Anglong,Assam,Karbi Anglong,26.0,93.5,400,20.5,152.6,53.9,100,16.9,90.8,11.4,1005.3,Agriculture,Clay,Mixed,6.07,0,Monsoon,2022-06-09,1
Karbi Anglong,Assam,Karbi Anglong,26.0,93.5,400,20.5,140.0,38.2,100,15.9,87.6,9.5,992.2,Open Forest,Loam,Soft Sedimentary,2.6,0,Monsoon,2022-08-08,1
Karbi Anglong,Assam,Karbi Anglong,26.0,93.5,400,20.5,106.6,23.4,85.4,12.3,66.5,10.7,999.1,Shrubland,Clay,Hard Sedimentary,10.06,0,Pre/Post Monsoon,2022-10-07,0
Karbi Anglong,Assam,Karbi Anglong,26.0,93.5,400,20.5,4.8,4.1,21.8,8.9,41.4,9.0,972.6,Dense Forest,Clay,Metamorphic,0.84,1,Winter,2022-12-06,0
Karbi Anglong,Assam,Karbi Anglong,26.0,93.5,400,20.5,44.3,10.7,37.9,12.5,50.8,2.8,984.2,Agriculture,Sandy Loam,Hard Sedimentary,5.74,1,Spring,2023-02-04,0
Karbi Anglong,Assam,Karbi Anglong,26.0,93.5,400,20.5,67.6,19.5,59.0,17.0,76.1,3.1,953.6,Dense Forest,Sandy Clay Loam,Hard Sedimentary,6.14,1,Pre/Post Monsoon,2023-04-05,0
Karbi Anglong,Assam,Karbi Anglong,26.0,93.5,400,20.5,162.0,48.2,100,14.7,96.5,6.2,959.4,Dense Forest,Sandy Clay Loam,Igneous,11.74,1,Monsoon,2023-06-04,1
Karbi Anglong,Assam,Karbi Anglong,26.0,93.5,400,20.5,118.5,22.3,100,15.6,93.4,10.2,978.1,Shrubland,Clay,Igneous,2.14,0,Monsoon,2023-08-03,1
Karbi Anglong,Assam,Karbi Anglong,26.0,93.5,400,20.5,51.6,7.1,52.7,19.1,74.1,4.4,959.8,Dense Forest,Clay Loam,Hard Sedimentary,7.25,0,Pre/Post Monsoon,2023-10-02,0
Karbi Anglong,Assam,Karbi Anglong,26.0,93.5,400,20.5,12.8,0.2,24.0,22.3,46.7,7.6,997.4,Dense Forest,Clay Loam,Metamorphic,1.3,0,Winter,2023-12-01,0
Karbi Anglong,Assam,Karbi Anglong,26.0,93.5,400,20.5,15.0,4.8,25.6,11.7,52.5,5.6,957.8,Dense Forest,Loam,Igneous,10.78,0,Winter,2024-01-30,0
Karbi Anglong,Assam,Karbi Anglong,26.0,93.5,400,20.5,42.1,2.2,51.3,14.3,69.9,2.4,959.7,Agriculture,Clay Loam,Soft Sedimentary,11.44,1,Spring,2024-03-30,0
Karbi Anglong,Assam,Karbi Anglong,26.0,93.5,400,20.5,91.5,8.2,83.8,14.9,89.1,8.5,1005.8,Shrubland,Clay,Hard Sedimentary,4.2,0,Pre/Post Monsoon,2024-05-29,0
Karbi Anglong,Assam,Karbi Anglong,26.0,93.5,400,20.5,95.2,43.5,89.6,10.5,92.3,8.1,1007.5,Barren/Rocky,Clay,Soft Sedimentary,9.7,1,Monsoon,2024-07-28,1
Karbi Anglong,Assam,Karbi Anglong,26.0,93.5,400,20.5,69.9,14.1,58.4,11.4,69.2,7.8,971.2,Dense Forest,Sandy Loam,Igneous,3.24,0,Pre/Post Monsoon,2024-09-26,0
Karbi Anglong,Assam,Karbi Anglong,26.0,93.5,400,20.5,13.0,0.7,17.6,15.8,43.1,10.6,974.1,Barren/Rocky,Sandy Loam,Igneous,4.53,0,Winter,2024-11-25,0
Karbi Anglong,Assam,Karbi Anglong,26.0,93.5,400,20.5,7.5,3.4,26.3,10.9,52.6,8.8,987.2,Dense Forest,Sandy Loam,Mixed,0.29,0,Winter,2025-01-24,0
Karbi Anglong,Assam,Karbi Anglong,26.0,93.5,400,20.5,20.5,6.0,29.1,12.9,51.8,2.9,978.0,Barren/Rocky,Clay,Soft Sedimentary,1.21,0,Spring,2025-03-25,0
Karbi Anglong,Assam,Karbi Anglong,26.0,93.5,400,20.5,103.8,20.4,79.8,11.9,70.0,12.0,979.2,Agriculture,Clay Loam,Metamorphic,5.56,0,Pre/Post Monsoon,2025-05-24,1
Karbi Anglong,Assam,Karbi Anglong,26.0,93.5,400,20.5,173.2,27.8,100,16.3,80.6,11.4,971.7,Agriculture,Clay,Hard Sedimentary,0.84,0,Monsoon,2025-07-23,1
Karbi Anglong,Assam,Karbi Anglong,26.0,93.5,400,20.5,51.6,17.7,50.9,7.8,67.1,5.0,992.7,Agriculture,Sandy Clay Loam,Hard Sedimentary,8.1,0,Pre/Post Monsoon,2025-09-21,1
Karbi Anglong,Assam,Karbi Anglong,26.0,93.5,400,20.5,17.9,2.1,29.3,11.4,64.1,11.4,978.9,Barren/Rocky,Sandy Loam,Igneous,4.39,0,Winter,2025-11-20,0
Agartala,Tripura,West Tripura,23.8315,91.2868,13,8.2,0.2,3.9,21.0,9.2,54.9,8.2,969.4,Shrubland,Clay Loam,Hard Sedimentary,10.78,0,Winter,2018-01-01,0
Agartala,Tripura,West Tripura,23.8315,91.2868,13,8.2,26.1,9.9,40.0,12.2,66.8,11.9,1006.6,Open Forest,Clay,Mixed,1.35,0,Spring,2018-03-02,0
Agartala,Tripura,West Tripura,23.8315,91.2868,13,8.2,63.6,15.9,57.7,14.0,69.2,11.5,1008.3,Barren/Rocky,Clay Loam,Metamorphic,9.8,1,Pre/Post Monsoon,2018-05-01,1
Agartala,Tripura,West Tripura,23.8315,91.2868,13,8.2,180.9,41.0,100,14.5,88.2,7.4,981.4,Shrubland,Clay Loam,Hard Sedimentary,5.61,0,Monsoon,2018-06-30,1
Agartala,Tripura,West Tripura,23.8315,91.2868,13,8.2,160.6,30.3,100,19.0,95.2,4.8,987.2,Dense Forest,Clay Loam,Soft Sedimentary,1.26,1,Monsoon,2018-08-29,1
Agartala,Tripura,West Tripura,23.8315,91.2868,13,8.2,69.7,20.0,68.6,9.6,88.2,7.8,952.0,Shrubland,Clay,Hard Sedimentary,2.83,0,Pre/Post Monsoon,2018-10-28,0
Agartala,Tripura,West Tripura,23.8315,91.2868,13,8.2,17.1,4.8,26.1,20.7,48.8,11.1,988.7,Agriculture,Clay Loam,Metamorphic,9.43,0,Winter,2018-12-27,0
Agartala,Tripura,West Tripura,23.8315,91.2868,13,8.2,38.1,5.1,48.1,22.5,72.6,2.0,1004.5,Dense Forest,Clay Loam,Soft Sedimentary,2.01,0,Spring,2019-02-25,0
Agartala,Tripura,West Tripura,23.8315,91.2868,13,8.2,95.6,17.0,83.2,23.3,73.4,4.4,1008.4,Open Forest,Sandy Clay Loam,Igneous,9.98,0,Pre/Post Monsoon,2019-04-26,0
Agartala,Tripura,West Tripura,23.8315,91.2868,13,8.2,212.1,30.6,100,14.4,93.1,3.6,963.9,Open Forest,Sandy Clay Loam,Soft Sedimentary,7.65,0,Monsoon,2019-06-25,1
Agartala,Tripura,West Tripura,23.8315,91.2868,13,8.2,198.9,21.4,100,9.4,85.8,2.1,996.2,Open Forest,Clay Loam,Mixed,8.55,0,Monsoon,2019-08-24,0
Agartala,Tripura,West Tripura,23.8315,91.2868,13,8.2,32.0,19.7,51.7,18.1,89.6,3.9,989.2,Open Forest,Loam,Hard Sedimentary,6.52,0,Pre/Post Monsoon,2019-10-23,0
Agartala,Tripura,West Tripura,23.8315,91.2868,13,8.2,15.7,3.9,32.8,12.4,56.5,8.3,988.3,Barren/Rocky,Clay Loam,Soft Sedimentary,5.62,0,Winter,2019-12-22,0
Agartala,Tripura,West Tripura,23.8315,91.2868,13,8.2,24.9,10.9,30.6,15.9,52.3,10.4,973.4,Agriculture,Clay Loam,Igneous,1.07,0,Spring,2020-02-20,0
Agartala,Tripura,West Tripura,23.8315,91.2868,13,8.2,85.0,12.5,75.3,22.5,72.8,3.8,950.6,Open Forest,Sandy Clay Loam,Mixed,10.29,1,Pre/Post Monsoon,2020-04-20,0
Agartala,Tripura,West Tripura,23.8315,91.2868,13,8.2,152.9,39.6,100,10.5,89.8,11.3,961.6,Dense Forest,Sandy Clay Loam,Soft Sedimentary,6.31,0,Monsoon,2020-06-19,1
Agartala,Tripura,West Tripura,23.8315,91.2868,13,8.2,104.9,23.7,90.0,11.5,85.9,11.4,966.1,Agriculture,Sandy Loam,Soft Sedimentary,4.31,0,Monsoon,2020-08-18,0
Agartala,Tripura,West Tripura,23.8315,91.2868,13,8.2,64.9,23.9,63.5,12.0,88.1,10.5,993.0,Agriculture,Clay Loam,Mixed,9.56,0,Pre/Post Monsoon,2020-10-17,0
Agartala,Tripura,West Tripura,23.8315,91.2868,13,8.2,19.1,2.4,34.7,14.7,62.1,10.2,987.4,Barren/Rocky,Clay,Igneous,2.56,0,Winter,2020-12-16,0
Agartala,Tripura,West Tripura,23.8315,91.2868,13,8.2,43.7,6.5,46.8,23.3,72.2,6.1,986.2,Barren/Rocky,Loam,Igneous,0.55,0,Spring,2021-02-14,0
Agartala,Tripura,West Tripura,23.8315,91.2868,13,8.2,93.3,12.2,73.4,18.5,66.8,9.8,957.3,Shrubland,Clay Loam,Metamorphic,2.72,0,Pre/Post Monsoon,2021-04-15,0
Agartala,Tripura,West Tripura,23.8315,91.2868,13,8.2,163.0,30.4,100,16.4,90.8,4.8,986.5,Dense Forest,Sandy Clay Loam,Igneous,8.25,0,Monsoon,2021-06-14,1
Agartala,Tripura,West Tripura,23.8315,91.2868,13,8.2,115.6,47.1,93.9,23.8,89.0,3.2,960.3,Shrubland,Sandy Clay Loam,Igneous,2.99,1,Monsoon,2021-08-13,1
Agartala,Tripura,West Tripura,23.8315,91.2868,13,8.2,102.9,10.7,90.7,14.4,86.0,11.2,952.3,Dense Forest,Clay Loam,Igneous,1.32,0,Pre/Post Monsoon,2021-10-12,0
Agartala,Tripura,West Tripura,23.8315,91.2868,13,8.2,6.3,1.7,18.1,20.4,42.0,2.5,967.9,Agriculture,Clay,Soft Sedimentary,10.15,0,Winter,2021-12-11,0
Agartala,Tripura,West Tripura,23.8315,91.2868,13,8.2,22.8,10.3,34.9,23.9,53.5,9.2,963.6,Dense Forest,Sandy Loam,Metamorphic,9.83,0,Spring,2022-02-09,0
Agartala,Tripura,West Tripura,23.8315,91.2868,13,8.2,85.1,6.0,72.7,8.6,87.1,5.0,965.8,Barren/Rocky,Clay,Metamorphic,8.44,0,Pre/Post Monsoon,2022-04-10,1
Agartala,Tripura,West Tripura,23.8315,91.2868,13,8.2,106.4,49.5,95.9,22.2,93.6,6.1,976.8,Dense Forest,Sandy Clay Loam,Mixed,3.04,0,Monsoon,2022-06-09,1
Agartala,Tripura,West Tripura,23.8315,91.2868,13,8.2,131.8,44.2,99.9,12.2,84.1,2.8,983.5,Open Forest,Sandy Loam,Soft Sedimentary,1.09,0,Monsoon,2022-08-08,1
Agartala,Tripura,West Tripura,23.8315,91.2868,13,8.2,67.5,12.7,67.3,13.4,77.2,9.6,980.8,Shrubland,Loam,Igneous,7.93,0,Pre/Post Monsoon,2022-10-07,0
Agartala,Tripura,West Tripura,23.8315,91.2868,13,8.2,2.6,4.6,20.0,15.2,49.6,4.0,974.0,Dense Forest,Loam,Igneous,2.14,0,Winter,2022-12-06,0
Agartala,Tripura,West Tripura,23.8315,91.2868,13,8.2,37.7,3.5,43.3,19.9,71.9,10.9,961.2,Dense Forest,Clay,Mixed,5.54,0,Spring,2023-02-04,0
Agartala,Tripura,West Tripura,23.8315,91.2868,13,8.2,36.7,13.6,44.3,16.0,68.8,2.5,966.4,Dense Forest,Clay Loam,Igneous,8.84,0,Pre/Post Monsoon,2023-04-05,0
Agartala,Tripura,West Tripura,23.8315,91.2868,13,8.2,142.3,38.8,100,15.9,89.5,8.8,988.8,Dense Forest,Sandy Loam,Soft Sedimentary,0.83,1,Monsoon,2023-06-04,1
Agartala,Tripura,West Tripura,23.8315,91.2868,13,8.2,159.2,26.0,100,19.1,95.9,5.9,963.2,Shrubland,Clay,Hard Sedimentary,2.22,0,Monsoon,2023-08-03,1
Agartala,Tripura,West Tripura,23.8315,91.2868,13,8.2,88.7,6.9,75.7,19.2,77.6,5.1,1004.4,Open Forest,Sandy Loam,Metamorphic,8.24,0,Pre/Post Monsoon,2023-10-02,0
Agartala,Tripura,West Tripura,23.8315,91.2868,13,8.2,2.8,0.1,16.5,13.3,51.9,4.6,954.6,Dense Forest,Sandy Clay Loam,Metamorphic,11.64,0,Winter,2023-12-01,0
Agartala,Tripura,West Tripura,23.8315,91.2868,13,8.2,5.0,0.5,28.8,17.0,60.5,10.4,981.5,Open Forest,Sandy Loam,Soft Sedimentary,1.38,0,Winter,2024-01-30,0
Agartala,Tripura,West Tripura,23.8315,91.2868,13,8.2,32.2,5.5,37.5,18.6,63.6,6.6,999.7,Shrubland,Loam,Mixed,9.34,0,Spring,2024-03-30,0
Agartala,Tripura,West Tripura,23.8315,91.2868,13,8.2,77.7,7.3,66.7,19.6,82.1,11.8,1001.4,Open Forest,Loam,Igneous,0.56,0,Pre/Post Monsoon,2024-05-29,0
Agartala,Tripura,West Tripura,23.8315,91.2868,13,8.2,136.7,44.8,100,23.2,83.5,11.7,1002.6,Barren/Rocky,Clay,Mixed,2.26,0,Monsoon,2024-07-28,1
Agartala,Tripura,West Tripura,23.8315,91.2868,13,8.2,61.3,13.3,60.6,12.9,89.8,7.2,970.6,Barren/Rocky,Clay Loam,Igneous,9.58,0,Pre/Post Monsoon,2024-09-26,0
Agartala,Tripura,West Tripura,23.8315,91.2868,13,8.2,5.8,4.8,21.2,18.9,52.5,3.5,1008.0,Barren/Rocky,Sandy Clay Loam,Hard Sedimentary,3.78,0,Winter,2024-11-25,0
Agartala,Tripura,West Tripura,23.8315,91.2868,13,8.2,0.3,0.2,12.2,17.4,47.1,5.1,975.8,Dense Forest,Clay Loam,Metamorphic,1.83,0,Winter,2025-01-24,0
Agartala,Tripura,West Tripura,23.8315,91.2868,13,8.2,32.6,11.6,42.5,23.2,64.0,3.4,994.0,Agriculture,Sandy Clay Loam,Soft Sedimentary,3.63,1,Spring,2025-03-25,0
Agartala,Tripura,West Tripura,23.8315,91.2868,13,8.2,94.9,17.7,74.6,23.4,75.6,4.6,968.1,Shrubland,Sandy Loam,Mixed,5.34,0,Pre/Post Monsoon,2025-05-24,0
Agartala,Tripura,West Tripura,23.8315,91.2868,13,8.2,178.8,23.0,100,16.8,82.4,2.9,984.0,Agriculture,Sandy Clay Loam,Hard Sedimentary,4.64,0,Monsoon,2025-07-23,1
Agartala,Tripura,West Tripura,23.8315,91.2868,13,8.2,72.1,18.9,65.4,18.9,77.6,5.5,978.0,Agriculture,Clay,Soft Sedimentary,10.97,1,Pre/Post Monsoon,2025-09-21,1
Agartala,Tripura,West Tripura,23.8315,91.2868,13,8.2,15.1,3.1,25.1,11.8,47.6,3.3,982.6,Barren/Rocky,Loam,Soft Sedimentary,9.11,0,Winter,2025-11-20,0
Rangamati,Tripura,Dhalai,23.9,92.05,200,15.6,0.1,4.0,17.3,14.7,61.9,2.5,999.8,Dense Forest,Loam,Mixed,1.35,0,Winter,2018-01-01,0
Rangamati,Tripura,Dhalai,23.9,92.05,200,15.6,26.6,2.6,41.0,18.1,68.5,2.5,962.3,Open Forest,Sandy Clay Loam,Igneous,1.81,0,Spring,2018-03-02,0
Rangamati,Tripura,Dhalai,23.9,92.05,200,15.6,42.4,17.6,55.4,22.3,83.0,8.2,962.0,Dense Forest,Clay Loam,Hard Sedimentary,7.32,1,Pre/Post Monsoon,2018-05-01,0
Rangamati,Tripura,Dhalai,23.9,92.05,200,15.6,103.5,16.0,92.4,13.6,89.1,5.0,979.0,Open Forest,Sandy Loam,Mixed,3.27,0,Monsoon,2018-06-30,1
Rangamati,Tripura,Dhalai,23.9,92.05,200,15.6,146.2,40.4,100,20.4,83.3,3.7,994.5,Barren/Rocky,Sandy Loam,Igneous,5.87,0,Monsoon,2018-08-29,0
Rangamati,Tripura,Dhalai,23.9,92.05,200,15.6,59.4,10.5,58.4,20.1,74.6,10.1,958.9,Shrubland,Clay,Soft Sedimentary,6.86,1,Pre/Post Monsoon,2018-10-28,0
Rangamati,Tripura,Dhalai,23.9,92.05,200,15.6,0.9,4.5,25.1,14.8,64.1,4.8,1008.9,Shrubland,Sandy Clay Loam,Mixed,2.69,0,Winter,2018-12-27,0
Rangamati,Tripura,Dhalai,23.9,92.05,200,15.6,33.0,3.7,37.6,17.8,53.8,6.6,1001.5,Open Forest,Loam,Metamorphic,11.1,1,Spring,2019-02-25,0
Rangamati,Tripura,Dhalai,23.9,92.05,200,15.6,60.1,14.4,65.9,16.5,81.5,9.8,981.5,Open Forest,Loam,Mixed,11.47,0,Pre/Post Monsoon,2019-04-26,0
Rangamati,Tripura,Dhalai,23.9,92.05,200,15.6,98.8,16.2,88.6,11.0,93.2,7.0,990.8,Shrubland,Sandy Loam,Hard Sedimentary,1.44,0,Monsoon,2019-06-25,0
Rangamati,Tripura,Dhalai,23.9,92.05,200,15.6,188.3,31.8,100,17.1,81.2,10.5,954.4,Shrubland,Sandy Clay Loam,Soft Sedimentary,11.1,0,Monsoon,2019-08-24,1
Rangamati,Tripura,Dhalai,23.9,92.05,200,15.6,40.7,17.7,49.9,10.5,78.9,8.8,963.5,Open Forest,Clay,Mixed,9.74,0,Pre/Post Monsoon,2019-10-23,1
Rangamati,Tripura,Dhalai,23.9,92.05,200,15.6,4.1,4.1,23.1,13.1,62.3,7.5,954.3,Open Forest,Sandy Clay Loam,Igneous,2.44,0,Winter,2019-12-22,0
Rangamati,Tripura,Dhalai,23.9,92.05,200,15.6,32.5,5.6,46.3,21.0,72.5,6.4,987.5,Dense Forest,Sandy Clay Loam,Soft Sedimentary,1.7,0,Spring,2020-02-20,0
Rangamati,Tripura,Dhalai,23.9,92.05,200,15.6,69.9,6.0,69.1,7.7,78.5,4.9,999.7,Agriculture,Loam,Soft Sedimentary,10.49,0,Pre/Post Monsoon,2020-04-20,0
Rangamati,Tripura,Dhalai,23.9,92.05,200,15.6,200.9,52.3,100,13.7,89.0,9.0,956.7,Agriculture,Loam,Soft Sedimentary,0.58,0,Monsoon,2020-06-19,1
Rangamati,Tripura,Dhalai,23.9,92.05,200,15.6,108.1,36.9,93.7,22.1,93.2,10.8,964.1,Dense Forest,Sandy Clay Loam,Mixed,8.5,0,Monsoon,2020-08-18,1
Rangamati,Tripura,Dhalai,23.9,92.05,200,15.6,106.0,17.0,86.9,8.6,80.3,11.5,966.2,Dense Forest,Clay Loam,Soft Sedimentary,6.06,0,Pre/Post Monsoon,2020-10-17,0
Rangamati,Tripura,Dhalai,23.9,92.05,200,15.6,6.1,4.2,21.4,7.7,64.3,9.7,998.7,Barren/Rocky,Sandy Clay Loam,Igneous,8.25,0,Winter,2020-12-16,0
Rangamati,Tripura,Dhalai,23.9,92.05,200,15.6,16.8,9.7,32.1,14.2,67.4,3.4,976.3,Barren/Rocky,Loam,Metamorphic,2.49,0,Spring,2021-02-14,0
Rangamati,Tripura,Dhalai,23.9,92.05,200,15.6,48.6,16.8,55.3,19.3,70.7,9.9,984.1,Dense Forest,Sandy Loam,Soft Sedimentary,1.1,1,Pre/Post Monsoon,2021-04-15,1
Rangamati,Tripura,Dhalai,23.9,92.05,200,15.6,130.8,39.1,100,23.3,96.0,6.0,989.5,Dense Forest,Clay Loam,Metamorphic,11.27,0,Monsoon,2021-06-14,1
Rangamati,Tripura,Dhalai,23.9,92.05,200,15.6,206.7,49.4,100,12.2,88.0,7.5,1002.1,Open Forest,Sandy Clay Loam,Metamorphic,3.96,0,Monsoon,2021-08-13,1
Rangamati,Tripura,Dhalai,23.9,92.05,200,15.6,102.0,19.1,81.3,11.8,80.5,3.4,1008.6,Open Forest,Loam,Mixed,2.69,0,Pre/Post Monsoon,2021-10-12,1
Rangamati,Tripura,Dhalai,23.9,92.05,200,15.6,0.7,1.2,22.8,19.6,51.0,2.2,1000.2,Shrubland,Loam,Mixed,4.73,0,Winter,2021-12-11,0
Rangamati,Tripura,Dhalai,23.9,92.05,200,15.6,24.8,8.1,34.3,21.1,62.4,2.4,962.3,Open Forest,Clay,Mixed,0.82,0,Spring,2022-02-09,0
Rangamati,Tripura,Dhalai,23.9,92.05,200,15.6,57.8,5.5,64.1,21.6,80.2,11.1,998.6,Barren/Rocky,Sandy Loam,Soft Sedimentary,4.22,0,Pre/Post Monsoon,2022-04-10,0
Rangamati,Tripura,Dhalai,23.9,92.05,200,15.6,191.7,52.1,100,20.3,93.5,11.5,1005.9,Shrubland,Sandy Clay Loam,Igneous,5.2,0,Monsoon,2022-06-09,1
Rangamati,Tripura,Dhalai,23.9,92.05,200,15.6,111.1,30.3,90.1,22.1,93.4,2.2,998.0,Shrubland,Clay Loam,Hard Sedimentary,9.3,0,Monsoon,2022-08-08,1
Rangamati,Tripura,Dhalai,23.9,92.05,200,15.6,79.2,12.2,75.2,19.9,81.5,8.1,957.5,Barren/Rocky,Loam,Metamorphic,10.2,0,Pre/Post Monsoon,2022-10-07,1
Rangamati,Tripura,Dhalai,23.9,92.05,200,15.6,9.3,4.8,20.5,20.8,52.0,2.6,1006.3,Shrubland,Sandy Clay Loam,Mixed,3.91,1,Winter,2022-12-06,0
Rangamati,Tripura,Dhalai,23.9,92.05,200,15.6,41.8,4.8,49.4,9.4,71.7,3.5,987.1,Dense Forest,Sandy Loam,Soft Sedimentary,7.92,0,Spring,2023-02-04,0
Rangamati,Tripura,Dhalai,23.9,92.05,200,15.6,65.2,11.3,68.0,11.0,78.8,11.9,1008.5,Dense Forest,Loam,Mixed,8.68,0,Pre/Post Monsoon,2023-04-05,1
Rangamati,Tripura,Dhalai,23.9,92.05,200,15.6,155.9,19.5,100,10.6,81.4,10.3,990.9,Dense Forest,Clay,Metamorphic,1.89,0,Monsoon,2023-06-04,1
Rangamati,Tripura,Dhalai,23.9,92.05,200,15.6,216.8,50.9,100,22.4,86.7,2.3,972.1,Shrubland,Sandy Loam,Mixed,0.5,0,Monsoon,2023-08-03,1
Rangamati,Tripura,Dhalai,23.9,92.05,200,15.6,105.2,12.6,82.2,17.8,79.6,9.6,989.0,Dense Forest,Sandy Loam,Mixed,6.14,0,Pre/Post Monsoon,2023-10-02,0
Rangamati,Tripura,Dhalai,23.9,92.05,200,15.6,10.8,0.6,28.7,20.1,62.0,8.6,981.2,Shrubland,Loam,Hard Sedimentary,10.06,0,Winter,2023-12-01,0
Rangamati,Tripura,Dhalai,23.9,92.05,200,15.6,4.9,3.8,22.3,14.6,49.0,3.2,964.5,Agriculture,Loam,Soft Sedimentary,4.35,0,Winter,2024-01-30,0
Rangamati,Tripura,Dhalai,23.9,92.05,200,15.6,37.9,8.1,42.9,14.0,61.2,10.3,957.5,Barren/Rocky,Sandy Loam,Igneous,8.15,0,Spring,2024-03-30,0
Rangamati,Tripura,Dhalai,23.9,92.05,200,15.6,93.7,11.8,75.4,13.9,67.9,3.5,979.7,Open Forest,Sandy Loam,Igneous,0.38,1,Pre/Post Monsoon,2024-05-29,0
Rangamati,Tripura,Dhalai,23.9,92.05,200,15.6,186.6,20.1,100,14.2,80.6,11.9,957.9,Barren/Rocky,Clay,Igneous,4.38,0,Monsoon,2024-07-28,1
Rangamati,Tripura,Dhalai,23.9,92.05,200,15.6,39.5,22.9,53.5,16.8,87.5,11.9,952.7,Shrubland,Clay,Igneous,7.64,0,Pre/Post Monsoon,2024-09-26,0
Rangamati,Tripura,Dhalai,23.9,92.05,200,15.6,14.0,3.7,31.2,16.8,58.1,7.1,959.1,Dense Forest,Sandy Clay Loam,Mixed,4.56,0,Winter,2024-11-25,0
Rangamati,Tripura,Dhalai,23.9,92.05,200,15.6,8.8,2.5,19.9,22.4,54.7,5.0,970.5,Barren/Rocky,Sandy Clay Loam,Mixed,7.04,0,Winter,2025-01-24,0
Rangamati,Tripura,Dhalai,23.9,92.05,200,15.6,26.3,5.2,36.7,9.6,54.5,9.3,1009.4,Open Forest,Clay,Mixed,3.48,0,Spring,2025-03-25,0
Rangamati,Tripura,Dhalai,23.9,92.05,200,15.6,57.8,8.3,54.3,15.1,72.2,3.7,1006.4,Shrubland,Sandy Clay Loam,Soft Sedimentary,11.11,0,Pre/Post Monsoon,2025-05-24,0
Rangamati,Tripura,Dhalai,23.9,92.05,200,15.6,161.8,35.3,100,16.9,83.0,10.9,982.3,Open Forest,Clay Loam,Igneous,10.02,1,Monsoon,2025-07-23,1
Rangamati,Tripura,Dhalai,23.9,92.05,200,15.6,88.6,15.4,74.8,12.1,85.8,9.1,1000.7,Agriculture,Clay,Igneous,3.3,0,Pre/Post Monsoon,2025-09-21,1
Rangamati,Tripura,Dhalai,23.9,92.05,200,15.6,19.4,4.0,26.9,10.9,58.6,3.6,970.1,Agriculture,Sandy Clay Loam,Soft Sedimentary,8.54,0,Winter,2025-11-20,0
Kolasib,Mizoram,Kolasib,24.222,92.679,900,29.4,8.7,4.7,29.1,10.1,59.9,8.6,1002.7,Dense Forest,Clay Loam,Hard Sedimentary,1.82,1,Winter,2018-01-01,1
Kolasib,Mizoram,Kolasib,24.222,92.679,900,29.4,24.3,3.5,35.8,16.7,70.3,4.0,1002.6,Barren/Rocky,Sandy Loam,Soft Sedimentary,5.32,0,Spring,2018-03-02,0
Kolasib,Mizoram,Kolasib,24.222,92.679,900,29.4,33.1,18.8,43.7,15.1,80.3,5.5,981.8,Open Forest,Loam,Hard Sedimentary,10.53,0,Pre/Post Monsoon,2018-05-01,0
Kolasib,Mizoram,Kolasib,24.222,92.679,900,29.4,167.7,36.7,100,8.5,85.3,11.0,995.8,Agriculture,Clay,Metamorphic,3.12,0,Monsoon,2018-06-30,1
Kolasib,Mizoram,Kolasib,24.222,92.679,900,29.4,175.9,28.9,100,7.0,87.2,10.4,1001.8,Barren/Rocky,Clay,Hard Sedimentary,0.54,1,Monsoon,2018-08-29,1
Kolasib,Mizoram,Kolasib,24.222,92.679,900,29.4,34.9,20.4,43.1,10.1,71.5,6.4,973.9,Dense Forest,Loam,Igneous,8.79,1,Pre/Post Monsoon,2018-10-28,1
Kolasib,Mizoram,Kolasib,24.222,92.679,900,29.4,9.0,1.1,29.4,13.6,61.9,3.1,1008.1,Barren/Rocky,Loam,Hard Sedimentary,7.34,1,Winter,2018-12-27,0
Kolasib,Mizoram,Kolasib,24.222,92.679,900,29.4,18.2,9.0,36.0,17.3,72.8,8.5,981.1,Shrubland,Sandy Clay Loam,Hard Sedimentary,11.83,0,Spring,2019-02-25,0
Kolasib,Mizoram,Kolasib,24.222,92.679,900,29.4,53.2,8.2,55.8,11.6,74.3,4.5,950.8,Dense Forest,Sandy Clay Loam,Soft Sedimentary,6.12,0,Pre/Post Monsoon,2019-04-26,1
Kolasib,Mizoram,Kolasib,24.222,92.679,900,29.4,129.2,24.2,100,9.0,93.9,3.2,997.0,Agriculture,Sandy Loam,Metamorphic,10.37,1,Monsoon,2019-06-25,1
Kolasib,Mizoram,Kolasib,24.222,92.679,900,29.4,92.6,44.7,78.3,19.7,89.8,7.9,973.5,Barren/Rocky,Loam,Metamorphic,5.22,0,Monsoon,2019-08-24,1
Kolasib,Mizoram,Kolasib,24.222,92.679,900,29.4,46.2,10.3,51.8,12.5,81.4,2.9,1008.0,Barren/Rocky,Loam,Igneous,3.56,0,Pre/Post Monsoon,2019-10-23,0
Kolasib,Mizoram,Kolasib,24.222,92.679,900,29.4,0.3,2.5,18.1,11.0,49.8,3.1,963.4,Dense Forest,Clay,Hard Sedimentary,5.48,0,Winter,2019-12-22,0
Kolasib,Mizoram,Kolasib,24.222,92.679,900,29.4,25.9,3.4,37.8,6.3,65.7,4.1,1006.5,Barren/Rocky,Sandy Loam,Soft Sedimentary,1.87,0,Spring,2020-02-20,0
Kolasib,Mizoram,Kolasib,24.222,92.679,900,29.4,34.7,14.9,48.8,16.8,75.3,2.4,991.3,Barren/Rocky,Clay,Soft Sedimentary,3.36,1,Pre/Post Monsoon,2020-04-20,0
Kolasib,Mizoram,Kolasib,24.222,92.679,900,29.4,160.9,27.5,100,10.1,91.7,7.1,1001.5,Dense Forest,Clay Loam,Igneous,8.45,1,Monsoon,2020-06-19,1
Kolasib,Mizoram,Kolasib,24.222,92.679,900,29.4,157.6,19.9,100,18.9,83.6,10.9,979.7,Barren/Rocky,Clay,Hard Sedimentary,9.04,0,Monsoon,2020-08-18,1
Kolasib,Mizoram,Kolasib,24.222,92.679,900,29.4,39.4,24.9,48.4,19.1,83.0,5.2,1003.4,Barren/Rocky,Sandy Loam,Hard Sedimentary,3.62,0,Pre/Post Monsoon,2020-10-17,1
Kolasib,Mizoram,Kolasib,24.222,92.679,900,29.4,10.4,1.3,28.0,20.0,51.6,9.2,1001.1,Open Forest,Sandy Loam,Mixed,8.64,0,Winter,2020-12-16,0
Kolasib,Mizoram,Kolasib,24.222,92.679,900,29.4,20.3,2.7,34.1,10.0,74.4,8.9,982.3,Shrubland,Clay Loam,Soft Sedimentary,7.57,0,Spring,2021-02-14,0
Kolasib,Mizoram,Kolasib,24.222,92.679,900,29.4,57.6,5.3,60.2,9.5,69.8,6.3,993.8,Shrubland,Sandy Clay Loam,Igneous,11.22,0,Pre/Post Monsoon,2021-04-15,1
Kolasib,Mizoram,Kolasib,24.222,92.679,900,29.4,100.1,21.1,85.3,9.5,93.2,3.0,997.8,Barren/Rocky,Clay,Metamorphic,6.99,0,Monsoon,2021-06-14,1
Kolasib,Mizoram,Kolasib,24.222,92.679,900,29.4,117.2,15.1,98.2,8.5,84.2,8.1,958.6,Agriculture,Clay Loam,Metamorphic,1.12,0,Monsoon,2021-08-13,1
Kolasib,Mizoram,Kolasib,24.222,92.679,900,29.4,64.0,14.4,58.0,17.2,72.6,5.9,996.4,Agriculture,Loam,Metamorphic,10.1,1,Pre/Post Monsoon,2021-10-12,1
Kolasib,Mizoram,Kolasib,24.222,92.679,900,29.4,19.1,4.7,35.2,16.4,60.8,7.6,979.4,Shrubland,Clay Loam,Mixed,10.82,0,Winter,2021-12-11,0
Kolasib,Mizoram,Kolasib,24.222,92.679,900,29.4,44.9,9.7,46.4,11.8,58.6,10.8,1005.2,Open Forest,Clay,Metamorphic,2.31,0,Spring,2022-02-09,0
Kolasib,Mizoram,Kolasib,24.222,92.679,900,29.4,58.9,8.9,64.4,10.3,79.7,11.2,980.2,Dense Forest,Sandy Clay Loam,Metamorphic,0.6,1,Pre/Post Monsoon,2022-04-10,1
Kolasib,Mizoram,Kolasib,24.222,92.679,900,29.4,219.4,43.2,100,5.9,84.9,2.3,993.1,Agriculture,Sandy Clay Loam,Igneous,5.99,0,Monsoon,2022-06-09,1
Kolasib,Mizoram,Kolasib,24.222,92.679,900,29.4,95.0,16.2,88.2,7.5,96.1,10.7,957.9,Agriculture,Clay Loam,Soft Sedimentary,5.43,0,Monsoon,2022-08-08,1
Kolasib,Mizoram,Kolasib,24.222,92.679,900,29.4,108.7,8.9,91.3,5.3,80.4,10.5,969.0,Open Forest,Sandy Clay Loam,Metamorphic,6.29,0,Pre/Post Monsoon,2022-10-07,1
Kolasib,Mizoram,Kolasib,24.222,92.679,900,29.4,1.3,4.1,14.9,16.7,52.5,6.4,966.5,Open Forest,Sandy Clay Loam,Igneous,2.24,0,Winter,2022-12-06,1
Kolasib,Mizoram,Kolasib,24.222,92.679,900,29.4,25.9,7.6,36.1,12.5,52.9,2.9,1005.8,Dense Forest,Clay Loam,Soft Sedimentary,2.35,1,Spring,2023-02-04,1
Kolasib,Mizoram,Kolasib,24.222,92.679,900,29.4,91.3,20.8,70.7,11.0,70.4,9.2,964.8,Open Forest,Sandy Loam,Metamorphic,0.83,0,Pre/Post Monsoon,2023-04-05,1
Kolasib,Mizoram,Kolasib,24.222,92.679,900,29.4,163.5,31.6,100,9.4,95.0,11.8,965.6,Agriculture,Loam,Soft Sedimentary,5.98,0,Monsoon,2023-06-04,1
Kolasib,Mizoram,Kolasib,24.222,92.679,900,29.4,197.8,42.5,100,20.2,83.1,3.6,984.1,Agriculture,Loam,Metamorphic,2.65,0,Monsoon,2023-08-03,1
Kolasib,Mizoram,Kolasib,24.222,92.679,900,29.4,37.3,20.5,40.8,12.5,71.5,3.2,989.5,Open Forest,Clay,Hard Sedimentary,5.71,1,Pre/Post Monsoon,2023-10-02,1
Kolasib,Mizoram,Kolasib,24.222,92.679,900,29.4,6.4,0.5,17.3,19.4,49.0,6.8,970.2,Dense Forest,Sandy Loam,Metamorphic,3.81,0,Winter,2023-12-01,1
Kolasib,Mizoram,Kolasib,24.222,92.679,900,29.4,8.8,3.1,26.3,16.1,54.8,6.7,964.6,Shrubland,Sandy Clay Loam,Metamorphic,5.89,1,Winter,2024-01-30,0
Kolasib,Mizoram,Kolasib,24.222,92.679,900,29.4,41.7,11.0,47.6,11.7,62.7,11.5,974.0,Dense Forest,Sandy Loam,Mixed,2.16,1,Spring,2024-03-30,1
Kolasib,Mizoram,Kolasib,24.222,92.679,900,29.4,106.1,16.4,85.2,15.6,68.5,2.5,955.4,Open Forest,Loam,Igneous,4.87,0,Pre/Post Monsoon,2024-05-29,1
Kolasib,Mizoram,Kolasib,24.222,92.679,900,29.4,204.8,27.1,100,8.8,81.4,2.9,964.7,Barren/Rocky,Loam,Soft Sedimentary,5.83,1,Monsoon,2024-07-28,1
Kolasib,Mizoram,Kolasib,24.222,92.679,900,29.4,85.9,23.3,77.9,18.3,81.7,9.6,955.7,Open Forest,Loam,Hard Sedimentary,4.92,1,Pre/Post Monsoon,2024-09-26,1
Kolasib,Mizoram,Kolasib,24.222,92.679,900,29.4,11.9,2.7,28.3,15.7,48.7,2.3,1003.1,Open Forest,Sandy Loam,Metamorphic,4.47,0,Winter,2024-11-25,0
Kolasib,Mizoram,Kolasib,24.222,92.679,900,29.4,18.3,3.2,22.4,8.0,43.5,6.4,970.4,Open Forest,Clay,Hard Sedimentary,3.56,1,Winter,2025-01-24,1
Kolasib,Mizoram,Kolasib,24.222,92.679,900,29.4,24.1,11.6,32.5,11.4,54.5,3.1,998.4,Shrubland,Clay Loam,Igneous,9.68,1,Spring,2025-03-25,0
Kolasib,Mizoram,Kolasib,24.222,92.679,900,29.4,84.9,5.2,74.4,15.7,81.3,2.5,975.5,Dense Forest,Sandy Clay Loam,Igneous,6.12,0,Pre/Post Monsoon,2025-05-24,1
Kolasib,Mizoram,Kolasib,24.222,92.679,900,29.4,104.5,22.2,91.9,17.2,87.6,2.8,950.4,Barren/Rocky,Loam,Hard Sedimentary,6.28,0,Monsoon,2025-07-23,1
Kolasib,Mizoram,Kolasib,24.222,92.679,900,29.4,33.9,10.6,41.1,12.8,68.0,10.9,991.2,Shrubland,Clay,Metamorphic,8.16,0,Pre/Post Monsoon,2025-09-21,0
Kolasib,Mizoram,Kolasib,24.222,92.679,900,29.4,3.6,1.8,17.5,10.2,40.4,8.0,971.4,Dense Forest,Sandy Clay Loam,Igneous,3.13,1,Winter,2025-11-20,0
Ziro,Arunachal Pradesh,Lower Subansiri,27.55,93.83,1588,25.6,12.7,2.2,25.3,18.3,46.9,4.4,999.5,Barren/Rocky,Sandy Clay Loam,Igneous,0.68,1,Winter,2018-01-01,1
Ziro,Arunachal Pradesh,Lower Subansiri,27.55,93.83,1588,25.6,28.4,11.8,36.3,17.5,52.0,6.2,951.3,Shrubland,Clay Loam,Igneous,11.59,0,Spring,2018-03-02,0
Ziro,Arunachal Pradesh,Lower Subansiri,27.55,93.83,1588,25.6,79.2,15.8,68.8,13.8,84.8,7.7,962.9,Agriculture,Loam,Hard Sedimentary,3.47,0,Pre/Post Monsoon,2018-05-01,1
Ziro,Arunachal Pradesh,Lower Subansiri,27.55,93.83,1588,25.6,178.2,25.9,100,3.0,87.3,3.3,966.0,Barren/Rocky,Loam,Soft Sedimentary,2.81,1,Monsoon,2018-06-30,1
Ziro,Arunachal Pradesh,Lower Subansiri,27.55,93.83,1588,25.6,169.5,44.1,100,10.1,91.0,8.0,982.5,Agriculture,Sandy Clay Loam,Soft Sedimentary,4.25,1,Monsoon,2018-08-29,1
Ziro,Arunachal Pradesh,Lower Subansiri,27.55,93.83,1588,25.6,67.0,19.9,63.1,13.9,70.3,4.6,951.9,Barren/Rocky,Clay Loam,Igneous,6.82,1,Pre/Post Monsoon,2018-10-28,1
Ziro,Arunachal Pradesh,Lower Subansiri,27.55,93.83,1588,25.6,6.1,3.8,17.9,10.2,51.3,7.8,987.5,Barren/Rocky,Clay,Igneous,11.95,1,Winter,2018-12-27,0
Ziro,Arunachal Pradesh,Lower Subansiri,27.55,93.83,1588,25.6,49.6,5.8,54.0,8.8,63.4,3.2,973.7,Open Forest,Clay Loam,Mixed,3.61,0,Spring,2019-02-25,0
Ziro,Arunachal Pradesh,Lower Subansiri,27.55,93.83,1588,25.6,74.0,12.0,63.1,17.1,70.4,9.7,987.8,Shrubland,Sandy Clay Loam,Mixed,6.48,1,Pre/Post Monsoon,2019-04-26,1
Ziro,Arunachal Pradesh,Lower Subansiri,27.55,93.83,1588,25.6,127.2,52.0,98.0,16.7,82.8,2.0,999.8,Agriculture,Sandy Loam,Soft Sedimentary,4.72,0,Monsoon,2019-06-25,1
Ziro,Arunachal Pradesh,Lower Subansiri,27.55,93.83,1588,25.6,114.6,16.2,92.5,12.5,84.0,2.8,984.2,Agriculture,Clay Loam,Metamorphic,7.4,1,Monsoon,2019-08-24,1
Ziro,Arunachal Pradesh,Lower Subansiri,27.55,93.83,1588,25.6,106.1,5.5,85.3,15.3,80.0,7.1,961.6,Open Forest,Clay,Metamorphic,8.73,1,Pre/Post Monsoon,2019-10-23,1
Ziro,Arunachal Pradesh,Lower Subansiri,27.55,93.83,1588,25.6,6.5,1.5,25.0,6.0,62.4,4.5,986.2,Open Forest,Sandy Loam,Igneous,6.1,1,Winter,2019-12-22,0
Ziro,Arunachal Pradesh,Lower Subansiri,27.55,93.83,1588,25.6,45.5,11.1,40.4,14.3,56.1,9.5,990.9,Agriculture,Sandy Clay Loam,Igneous,10.37,1,Spring,2020-02-20,1
Ziro,Arunachal Pradesh,Lower Subansiri,27.55,93.83,1588,25.6,100.7,15.7,89.3,12.4,82.9,9.1,976.3,Dense Forest,Loam,Igneous,9.97,0,Pre/Post Monsoon,2020-04-20,1
Ziro,Arunachal Pradesh,Lower Subansiri,27.55,93.83,1588,25.6,183.2,35.5,100,9.6,91.7,3.5,965.7,Barren/Rocky,Clay Loam,Hard Sedimentary,4.52,0,Monsoon,2020-06-19,1
Ziro,Arunachal Pradesh,Lower Subansiri,27.55,93.83,1588,25.6,193.4,23.4,100,13.0,81.7,11.0,979.5,Open Forest,Loam,Metamorphic,3.68,0,Monsoon,2020-08-18,1
Ziro,Arunachal Pradesh,Lower Subansiri,27.55,93.83,1588,25.6,75.5,16.9,68.8,5.1,84.0,4.2,972.3,Shrubland,Loam,Metamorphic,11.35,1,Pre/Post Monsoon,2020-10-17,1
Ziro,Arunachal Pradesh,Lower Subansiri,27.55,93.83,1588,25.6,14.3,3.4,19.5,15.6,43.9,8.1,1001.5,Shrubland,Sandy Loam,Soft Sedimentary,10.24,0,Winter,2020-12-16,1
Ziro,Arunachal Pradesh,Lower Subansiri,27.55,93.83,1588,25.6,24.1,9.2,36.3,18.6,68.6,8.2,960.2,Shrubland,Sandy Loam,Mixed,10.26,1,Spring,2021-02-14,0
Ziro,Arunachal Pradesh,Lower Subansiri,27.55,93.83,1588,25.6,81.9,22.4,70.8,10.5,77.1,8.7,953.9,Open Forest,Loam,Hard Sedimentary,2.85,1,Pre/Post Monsoon,2021-04-15,1
Ziro,Arunachal Pradesh,Lower Subansiri,27.55,93.83,1588,25.6,174.5,29.3,100,17.3,88.3,10.4,1000.7,Barren/Rocky,Sandy Loam,Hard Sedimentary,4.49,1,Monsoon,2021-06-14,1
Ziro,Arunachal Pradesh,Lower Subansiri,27.55,93.83,1588,25.6,156.0,25.9,100,16.3,97.3,2.8,997.9,Agriculture,Sandy Clay Loam,Mixed,3.13,1,Monsoon,2021-08-13,1
Ziro,Arunachal Pradesh,Lower Subansiri,27.55,93.83,1588,25.6,48.3,19.3,48.5,18.4,69.4,4.8,994.6,Dense Forest,Sandy Loam,Mixed,3.77,1,Pre/Post Monsoon,2021-10-12,0
Ziro,Arunachal Pradesh,Lower Subansiri,27.55,93.83,1588,25.6,9.3,2.7,27.3,7.8,59.5,4.0,957.0,Dense Forest,Clay,Hard Sedimentary,1.38,0,Winter,2021-12-11,0
Ziro,Arunachal Pradesh,Lower Subansiri,27.55,93.83,1588,25.6,34.9,7.8,48.1,4.5,71.5,9.8,961.7,Barren/Rocky,Clay,Soft Sedimentary,3.17,0,Spring,2022-02-09,0
Ziro,Arunachal Pradesh,Lower Subansiri,27.55,93.83,1588,25.6,56.3,14.7,53.8,13.0,72.1,7.3,970.5,Barren/Rocky,Sandy Clay Loam,Metamorphic,7.59,1,Pre/Post Monsoon,2022-04-10,1
Ziro,Arunachal Pradesh,Lower Subansiri,27.55,93.83,1588,25.6,153.4,27.8,100,10.2,97.5,2.7,975.9,Shrubland,Clay Loam,Igneous,4.24,0,Monsoon,2022-06-09,1
Ziro,Arunachal Pradesh,Lower Subansiri,27.55,93.83,1588,25.6,191.2,45.5,100,10.7,83.8,7.3,956.2,Shrubland,Sandy Clay Loam,Hard Sedimentary,6.94,1,Monsoon,2022-08-08,1
Ziro,Arunachal Pradesh,Lower Subansiri,27.55,93.83,1588,25.6,92.9,22.0,83.7,5.2,80.3,11.8,989.2,Agriculture,Loam,Hard Sedimentary,11.21,0,Pre/Post Monsoon,2022-10-07,1
Ziro,Arunachal Pradesh,Lower Subansiri,27.55,93.83,1588,25.6,7.4,1.5,22.6,16.0,58.2,5.1,983.8,Agriculture,Clay Loam,Igneous,0.85,0,Winter,2022-12-06,0
Ziro,Arunachal Pradesh,Lower Subansiri,27.55,93.83,1588,25.6,49.1,9.7,41.8,14.0,50.5,9.2,967.7,Shrubland,Clay Loam,Metamorphic,5.24,1,Spring,2023-02-04,1
Ziro,Arunachal Pradesh,Lower Subansiri,27.55,93.83,1588,25.6,93.8,17.4,73.9,7.1,76.0,3.6,993.4,Barren/Rocky,Clay,Soft Sedimentary,9.42,1,Pre/Post Monsoon,2023-04-05,1
Ziro,Arunachal Pradesh,Lower Subansiri,27.55,93.83,1588,25.6,122.5,54.5,94.6,3.7,90.6,5.4,982.3,Agriculture,Loam,Soft Sedimentary,5.77,0,Monsoon,2023-06-04,1
Ziro,Arunachal Pradesh,Lower Subansiri,27.55,93.83,1588,25.6,197.2,50.0,100,11.9,90.6,6.4,969.7,Barren/Rocky,Loam,Mixed,6.47,1,Monsoon,2023-08-03,1
Ziro,Arunachal Pradesh,Lower Subansiri,27.55,93.83,1588,25.6,99.7,19.0,82.6,18.0,83.5,9.7,994.8,Open Forest,Sandy Loam,Metamorphic,5.73,0,Pre/Post Monsoon,2023-10-02,1
Ziro,Arunachal Pradesh,Lower Subansiri,27.55,93.83,1588,25.6,5.1,3.7,16.1,4.6,40.6,6.0,979.2,Dense Forest,Sandy Clay Loam,Soft Sedimentary,10.97,0,Winter,2023-12-01,0
Ziro,Arunachal Pradesh,Lower Subansiri,27.55,93.83,1588,25.6,19.9,4.8,33.0,7.9,61.8,4.8,970.0,Dense Forest,Clay Loam,Mixed,1.29,0,Winter,2024-01-30,0
Ziro,Arunachal Pradesh,Lower Subansiri,27.55,93.83,1588,25.6,43.0,10.5,43.0,17.5,52.2,11.9,995.1,Agriculture,Loam,Igneous,5.53,0,Spring,2024-03-30,1
Ziro,Arunachal Pradesh,Lower Subansiri,27.55,93.83,1588,25.6,35.8,18.0,47.4,11.2,73.5,10.2,975.9,Dense Forest,Clay,Mixed,3.67,0,Pre/Post Monsoon,2024-05-29,1
Ziro,Arunachal Pradesh,Lower Subansiri,27.55,93.83,1588,25.6,119.3,32.1,97.0,6.3,84.7,5.3,977.5,Open Forest,Sandy Clay Loam,Metamorphic,10.74,0,Monsoon,2024-07-28,1
Ziro,Arunachal Pradesh,Lower Subansiri,27.55,93.83,1588,25.6,91.8,9.1,75.9,3.1,69.5,10.4,996.8,Barren/Rocky,Loam,Soft Sedimentary,4.06,1,Pre/Post Monsoon,2024-09-26,1
Ziro,Arunachal Pradesh,Lower Subansiri,27.55,93.83,1588,25.6,4.0,0.8,29.1,6.4,64.8,9.7,951.6,Agriculture,Clay Loam,Igneous,0.5,0,Winter,2024-11-25,0
Ziro,Arunachal Pradesh,Lower Subansiri,27.55,93.83,1588,25.6,7.6,2.2,20.5,6.0,50.0,10.1,955.6,Open Forest,Sandy Clay Loam,Mixed,8.75,1,Winter,2025-01-24,1
Ziro,Arunachal Pradesh,Lower Subansiri,27.55,93.83,1588,25.6,47.9,9.4,46.1,18.6,59.0,4.1,955.4,Barren/Rocky,Loam,Igneous,3.21,1,Spring,2025-03-25,1
Ziro,Arunachal Pradesh,Lower Subansiri,27.55,93.83,1588,25.6,60.4,13.4,63.0,4.3,89.0,5.1,953.9,Shrubland,Sandy Loam,Soft Sedimentary,7.88,0,Pre/Post Monsoon,2025-05-24,1
Ziro,Arunachal Pradesh,Lower Subansiri,27.55,93.83,1588,25.6,213.7,26.0,100,7.9,91.7,4.5,983.9,Open Forest,Sandy Clay Loam,Hard Sedimentary,1.85,0,Monsoon,2025-07-23,1
Ziro,Arunachal Pradesh,Lower Subansiri,27.55,93.83,1588,25.6,99.3,18.2,77.2,9.3,74.3,3.7,1006.2,Open Forest,Sandy Loam,Metamorphic,10.57,1,Pre/Post Monsoon,2025-09-21,1
Ziro,Arunachal Pradesh,Lower Subansiri,27.55,93.83,1588,25.6,4.1,2.0,20.7,16.2,49.3,2.3,951.5,Dense Forest,Clay,Soft Sedimentary,8.87,1,Winter,2025-11-20,0
Yuksom,Sikkim,West Sikkim,27.3745,88.2238,1780,36.2,15.3,3.6,22.4,3.7,44.2,4.2,975.2,Dense Forest,Clay Loam,Igneous,5.68,1,Winter,2018-01-01,0
Yuksom,Sikkim,West Sikkim,27.3745,88.2238,1780,36.2,19.7,8.0,33.6,7.0,65.9,11.0,957.7,Barren/Rocky,Loam,Mixed,8.09,1,Spring,2018-03-02,1
Yuksom,Sikkim,West Sikkim,27.3745,88.2238,1780,36.2,40.1,15.3,53.4,4.3,85.1,9.4,993.0,Shrubland,Sandy Clay Loam,Soft Sedimentary,3.15,1,Pre/Post Monsoon,2018-05-01,1
Yuksom,Sikkim,West Sikkim,27.3745,88.2238,1780,36.2,132.7,54.0,100,10.4,92.0,10.8,995.6,Open Forest,Loam,Igneous,4.62,1,Monsoon,2018-06-30,1
Yuksom,Sikkim,West Sikkim,27.3745,88.2238,1780,36.2,187.2,47.0,100,14.8,91.4,2.1,988.1,Open Forest,Sandy Loam,Igneous,4.01,0,Monsoon,2018-08-29,1
Yuksom,Sikkim,West Sikkim,27.3745,88.2238,1780,36.2,45.0,22.4,60.9,8.6,89.3,6.5,965.8,Agriculture,Clay Loam,Metamorphic,7.93,1,Pre/Post Monsoon,2018-10-28,1
Yuksom,Sikkim,West Sikkim,27.3745,88.2238,1780,36.2,5.1,4.0,22.7,10.8,52.2,8.7,970.5,Barren/Rocky,Loam,Soft Sedimentary,9.43,1,Winter,2018-12-27,1
Yuksom,Sikkim,West Sikkim,27.3745,88.2238,1780,36.2,18.3,11.8,37.0,4.0,70.8,3.3,970.9,Agriculture,Clay,Mixed,11.81,1,Spring,2019-02-25,1
Yuksom,Sikkim,West Sikkim,27.3745,88.2238,1780,36.2,61.8,23.8,68.9,5.2,90.0,4.2,951.0,Shrubland,Sandy Clay Loam,Mixed,9.4,0,Pre/Post Monsoon,2019-04-26,1
Yuksom,Sikkim,West Sikkim,27.3745,88.2238,1780,36.2,194.0,29.5,100,17.2,84.1,5.7,956.0,Open Forest,Sandy Clay Loam,Hard Sedimentary,10.15,0,Monsoon,2019-06-25,1
Yuksom,Sikkim,West Sikkim,27.3745,88.2238,1780,36.2,201.6,26.1,100,17.2,97.3,11.0,1008.3,Agriculture,Clay,Metamorphic,1.81,0,Monsoon,2019-08-24,1
Yuksom,Sikkim,West Sikkim,27.3745,88.2238,1780,36.2,86.7,18.4,73.2,13.8,70.2,2.7,995.3,Open Forest,Sandy Loam,Igneous,9.9,0,Pre/Post Monsoon,2019-10-23,1
Yuksom,Sikkim,West Sikkim,27.3745,88.2238,1780,36.2,7.8,0.8,19.5,11.5,50.5,5.5,963.6,Shrubland,Sandy Loam,Igneous,1.66,0,Winter,2019-12-22,1
Yuksom,Sikkim,West Sikkim,27.3745,88.2238,1780,36.2,22.2,3.4,33.5,7.3,56.9,7.2,981.5,Barren/Rocky,Clay,Hard Sedimentary,7.99,1,Spring,2020-02-20,0
Yuksom,Sikkim,West Sikkim,27.3745,88.2238,1780,36.2,42.3,22.6,56.4,13.6,83.9,11.5,952.5,Shrubland,Clay Loam,Igneous,5.23,1,Pre/Post Monsoon,2020-04-20,1
Yuksom,Sikkim,West Sikkim,27.3745,88.2238,1780,36.2,188.6,24.0,100,18.0,81.9,8.0,971.8,Agriculture,Clay,Igneous,0.87,1,Monsoon,2020-06-19,1
Yuksom,Sikkim,West Sikkim,27.3745,88.2238,1780,36.2,207.6,40.6,100,12.7,85.9,5.6,950.8,Agriculture,Sandy Loam,Mixed,6.04,0,Monsoon,2020-08-18,1
Yuksom,Sikkim,West Sikkim,27.3745,88.2238,1780,36.2,109.8,21.5,88.1,11.8,77.2,8.1,1002.2,Agriculture,Clay Loam,Mixed,1.47,0,Pre/Post Monsoon,2020-10-17,1
Yuksom,Sikkim,West Sikkim,27.3745,88.2238,1780,36.2,11.5,0.6,28.7,7.8,59.1,11.0,975.3,Agriculture,Clay Loam,Metamorphic,7.84,1,Winter,2020-12-16,1
Yuksom,Sikkim,West Sikkim,27.3745,88.2238,1780,36.2,47.9,10.1,51.0,14.5,65.7,2.3,984.0,Dense Forest,Loam,Soft Sedimentary,3.65,1,Spring,2021-02-14,1
Yuksom,Sikkim,West Sikkim,27.3745,88.2238,1780,36.2,98.0,10.1,88.5,7.6,85.5,4.5,976.8,Dense Forest,Loam,Igneous,8.45,0,Pre/Post Monsoon,2021-04-15,1
Yuksom,Sikkim,West Sikkim,27.3745,88.2238,1780,36.2,117.2,45.8,94.9,7.2,89.9,5.5,998.9,Agriculture,Clay Loam,Metamorphic,4.35,1,Monsoon,2021-06-14,1
Yuksom,Sikkim,West Sikkim,27.3745,88.2238,1780,36.2,131.1,27.2,100,3.5,96.5,8.2,988.4,Agriculture,Sandy Loam,Metamorphic,10.3,1,Monsoon,2021-08-13,1
Yuksom,Sikkim,West Sikkim,27.3745,88.2238,1780,36.2,101.7,20.1,83.2,7.2,89.0,7.8,1004.5,Barren/Rocky,Loam,Mixed,6.55,1,Pre/Post Monsoon,2021-10-12,1
Yuksom,Sikkim,West Sikkim,27.3745,88.2238,1780,36.2,1.9,3.6,26.6,12.7,62.9,3.5,970.4,Shrubland,Clay,Hard Sedimentary,11.07,1,Winter,2021-12-11,1
Yuksom,Sikkim,West Sikkim,27.3745,88.2238,1780,36.2,36.5,11.7,43.7,5.7,58.1,4.5,959.3,Shrubland,Clay Loam,Igneous,2.85,0,Spring,2022-02-09,1
Yuksom,Sikkim,West Sikkim,27.3745,88.2238,1780,36.2,65.2,21.2,64.5,6.8,68.6,10.6,979.0,Agriculture,Clay,Mixed,6.7,0,Pre/Post Monsoon,2022-04-10,1
Yuksom,Sikkim,West Sikkim,27.3745,88.2238,1780,36.2,171.5,50.5,100,14.0,97.6,11.8,998.2,Shrubland,Clay,Metamorphic,4.5,0,Monsoon,2022-06-09,1
Yuksom,Sikkim,West Sikkim,27.3745,88.2238,1780,36.2,100.0,42.7,87.1,15.3,85.8,10.0,984.7,Dense Forest,Sandy Clay Loam,Igneous,6.52,1,Monsoon,2022-08-08,1
Yuksom,Sikkim,West Sikkim,27.3745,88.2238,1780,36.2,87.6,19.4,81.4,10.9,81.1,6.7,984.5,Dense Forest,Clay,Mixed,5.37,0,Pre/Post Monsoon,2022-10-07,1
Yuksom,Sikkim,West Sikkim,27.3745,88.2238,1780,36.2,0.4,2.2,19.7,16.4,56.3,9.1,953.8,Shrubland,Clay Loam,Metamorphic,6.92,0,Winter,2022-12-06,0
Yuksom,Sikkim,West Sikkim,27.3745,88.2238,1780,36.2,30.1,9.6,36.8,8.4,53.3,5.1,991.8,Shrubland,Loam,Hard Sedimentary,6.92,0,Spring,2023-02-04,1
Yuksom,Sikkim,West Sikkim,27.3745,88.2238,1780,36.2,91.3,24.6,82.8,15.9,79.7,2.5,995.3,Barren/Rocky,Clay Loam,Soft Sedimentary,7.44,1,Pre/Post Monsoon,2023-04-05,1
Yuksom,Sikkim,West Sikkim,27.3745,88.2238,1780,36.2,122.3,39.1,96.9,4.9,93.7,8.5,979.7,Dense Forest,Loam,Soft Sedimentary,1.31,1,Monsoon,2023-06-04,1
Yuksom,Sikkim,West Sikkim,27.3745,88.2238,1780,36.2,194.6,30.3,100,15.6,88.5,5.1,960.6,Agriculture,Loam,Igneous,1.27,1,Monsoon,2023-08-03,1
Yuksom,Sikkim,West Sikkim,27.3745,88.2238,1780,36.2,108.9,17.7,85.8,14.1,73.5,2.2,986.4,Barren/Rocky,Clay Loam,Metamorphic,1.33,1,Pre/Post Monsoon,2023-10-02,1
Yuksom,Sikkim,West Sikkim,27.3745,88.2238,1780,36.2,0.1,1.9,14.9,16.5,40.7,10.6,1007.3,Open Forest,Sandy Clay Loam,Igneous,2.35,1,Winter,2023-12-01,1
Yuksom,Sikkim,West Sikkim,27.3745,88.2238,1780,36.2,12.0,2.9,32.2,13.4,62.3,3.8,958.9,Agriculture,Clay Loam,Mixed,0.66,1,Winter,2024-01-30,1
Yuksom,Sikkim,West Sikkim,27.3745,88.2238,1780,36.2,43.3,5.1,40.6,7.7,57.3,7.2,1004.0,Agriculture,Sandy Loam,Mixed,2.03,0,Spring,2024-03-30,0
Yuksom,Sikkim,West Sikkim,27.3745,88.2238,1780,36.2,104.3,16.0,79.7,9.2,74.7,7.5,970.3,Shrubland,Sandy Loam,Hard Sedimentary,11.53,1,Pre/Post Monsoon,2024-05-29,1
Yuksom,Sikkim,West Sikkim,27.3745,88.2238,1780,36.2,136.6,51.7,100,15.0,96.6,9.1,1000.3,Dense Forest,Sandy Clay Loam,Soft Sedimentary,8.03,1,Monsoon,2024-07-28,1
Yuksom,Sikkim,West Sikkim,27.3745,88.2238,1780,36.2,90.6,17.9,77.7,4.2,72.1,4.9,987.6,Agriculture,Clay,Igneous,1.17,1,Pre/Post Monsoon,2024-09-26,1
Yuksom,Sikkim,West Sikkim,27.3745,88.2238,1780,36.2,12.2,1.5,32.1,14.4,64.8,9.0,981.7,Dense Forest,Sandy Loam,Soft Sedimentary,3.82,0,Winter,2024-11-25,1
Yuksom,Sikkim,West Sikkim,27.3745,88.2238,1780,36.2,12.8,3.7,23.8,2.8,53.4,3.9,1007.9,Dense Forest,Clay,Mixed,6.38,1,Winter,2025-01-24,1
Yuksom,Sikkim,West Sikkim,27.3745,88.2238,1780,36.2,46.9,3.0,53.7,16.3,73.7,2.7,962.2,Open Forest,Sandy Clay Loam,Mixed,0.38,0,Spring,2025-03-25,1
Yuksom,Sikkim,West Sikkim,27.3745,88.2238,1780,36.2,103.9,5.1,85.3,15.1,71.0,11.8,1009.2,Open Forest,Loam,Igneous,0.73,1,Pre/Post Monsoon,2025-05-24,1
Yuksom,Sikkim,West Sikkim,27.3745,88.2238,1780,36.2,204.7,31.9,100,15.9,90.3,4.0,1002.7,Shrubland,Clay,Soft Sedimentary,5.11,1,Monsoon,2025-07-23,1
Yuksom,Sikkim,West Sikkim,27.3745,88.2238,1780,36.2,95.3,14.8,79.4,12.1,80.0,9.0,976.9,Open Forest,Clay Loam,Soft Sedimentary,1.56,0,Pre/Post Monsoon,2025-09-21,1
Yuksom,Sikkim,West Sikkim,27.3745,88.2238,1780,36.2,10.7,0.8,28.5,17.4,58.5,9.0,967.1,Shrubland,Loam,Mixed,3.29,0,Winter,2025-11-20,1
Lakhimpur,Assam,Lakhimpur,27.235,94.1083,101,12.4,19.0,2.8,33.8,9.7,52.4,6.7,956.6,Open Forest,Clay Loam,Igneous,2.38,0,Winter,2018-01-01,0
Lakhimpur,Assam,Lakhimpur,27.235,94.1083,101,12.4,23.5,8.2,35.2,9.9,61.0,2.4,1006.0,Open Forest,Sandy Loam,Metamorphic,0.72,1,Spring,2018-03-02,0
Lakhimpur,Assam,Lakhimpur,27.235,94.1083,101,12.4,98.8,10.0,82.6,15.1,69.4,2.6,972.8,Shrubland,Sandy Clay Loam,Soft Sedimentary,2.86,0,Pre/Post Monsoon,2018-05-01,0
Lakhimpur,Assam,Lakhimpur,27.235,94.1083,101,12.4,93.3,32.6,82.5,17.3,95.2,3.6,982.8,Shrubland,Clay Loam,Soft Sedimentary,8.28,0,Monsoon,2018-06-30,1
Lakhimpur,Assam,Lakhimpur,27.235,94.1083,101,12.4,184.1,27.9,100,22.1,80.7,2.1,950.2,Dense Forest,Clay,Mixed,1.61,0,Monsoon,2018-08-29,1
Lakhimpur,Assam,Lakhimpur,27.235,94.1083,101,12.4,31.6,21.5,43.2,16.8,76.9,8.9,973.2,Open Forest,Clay,Mixed,3.15,0,Pre/Post Monsoon,2018-10-28,0
Lakhimpur,Assam,Lakhimpur,27.235,94.1083,101,12.4,9.6,4.5,20.5,21.7,51.4,4.9,993.9,Agriculture,Loam,Hard Sedimentary,4.54,1,Winter,2018-12-27,0
Lakhimpur,Assam,Lakhimpur,27.235,94.1083,101,12.4,20.0,6.6,32.0,16.3,67.8,6.0,1000.4,Shrubland,Sandy Loam,Igneous,5.17,0,Spring,2019-02-25,0
Lakhimpur,Assam,Lakhimpur,27.235,94.1083,101,12.4,65.5,12.8,61.0,12.9,74.1,9.2,962.4,Open Forest,Sandy Loam,Mixed,2.5,0,Pre/Post Monsoon,2019-04-26,0
Lakhimpur,Assam,Lakhimpur,27.235,94.1083,101,12.4,207.0,36.9,100,14.2,93.8,4.1,958.5,Dense Forest,Sandy Clay Loam,Igneous,3.74,0,Monsoon,2019-06-25,1
Lakhimpur,Assam,Lakhimpur,27.235,94.1083,101,12.4,96.6,23.7,83.5,10.2,89.9,7.2,960.8,Agriculture,Clay Loam,Hard Sedimentary,4.75,0,Monsoon,2019-08-24,0
Lakhimpur,Assam,Lakhimpur,27.235,94.1083,101,12.4,81.3,16.5,72.6,10.1,85.0,4.5,994.3,Agriculture,Loam,Mixed,11.21,0,Pre/Post Monsoon,2019-10-23,1
Lakhimpur,Assam,Lakhimpur,27.235,94.1083,101,12.4,13.5,3.9,25.8,7.8,42.1,2.5,1001.2,Shrubland,Loam,Hard Sedimentary,8.97,0,Winter,2019-12-22,0
Lakhimpur,Assam,Lakhimpur,27.235,94.1083,101,12.4,17.3,8.2,29.2,22.1,57.9,5.4,960.5,Shrubland,Clay Loam,Mixed,2.09,0,Spring,2020-02-20,0
Lakhimpur,Assam,Lakhimpur,27.235,94.1083,101,12.4,39.5,23.2,49.3,16.6,75.2,9.0,966.9,Open Forest,Clay Loam,Hard Sedimentary,10.93,1,Pre/Post Monsoon,2020-04-20,0
Lakhimpur,Assam,Lakhimpur,27.235,94.1083,101,12.4,151.5,34.1,100,17.0,93.8,5.6,976.5,Barren/Rocky,Sandy Loam,Igneous,10.75,0,Monsoon,2020-06-19,1
Lakhimpur,Assam,Lakhimpur,27.235,94.1083,101,12.4,205.1,54.5,100,8.8,96.0,5.0,973.6,Open Forest,Clay Loam,Hard Sedimentary,11.55,0,Monsoon,2020-08-18,1
Lakhimpur,Assam,Lakhimpur,27.235,94.1083,101,12.4,58.4,24.7,60.1,17.6,77.4,11.9,971.9,Shrubland,Sandy Loam,Mixed,3.51,0,Pre/Post Monsoon,2020-10-17,0
Lakhimpur,Assam,Lakhimpur,27.235,94.1083,101,12.4,6.4,0.8,20.8,18.9,56.2,12.0,970.3,Shrubland,Clay,Soft Sedimentary,4.13,1,Winter,2020-12-16,0
Lakhimpur,Assam,Lakhimpur,27.235,94.1083,101,12.4,47.4,2.1,45.6,12.5,64.3,6.7,973.3,Shrubland,Clay,Metamorphic,4.53,0,Spring,2021-02-14,0
Lakhimpur,Assam,Lakhimpur,27.235,94.1083,101,12.4,64.0,19.1,56.7,13.2,68.3,3.9,966.9,Dense Forest,Clay,Soft Sedimentary,9.7,0,Pre/Post Monsoon,2021-04-15,1
Lakhimpur,Assam,Lakhimpur,27.235,94.1083,101,12.4,93.0,20.1,80.7,11.6,93.7,2.6,984.3,Open Forest,Clay Loam,Soft Sedimentary,0.31,1,Monsoon,2021-06-14,1
Lakhimpur,Assam,Lakhimpur,27.235,94.1083,101,12.4,110.3,40.0,97.9,15.0,95.7,9.9,956.3,Dense Forest,Clay Loam,Hard Sedimentary,2.55,0,Monsoon,2021-08-13,1
Lakhimpur,Assam,Lakhimpur,27.235,94.1083,101,12.4,87.5,6.8,71.7,18.6,75.8,9.2,973.2,Barren/Rocky,Sandy Loam,Igneous,9.85,0,Pre/Post Monsoon,2021-10-12,0
Lakhimpur,Assam,Lakhimpur,27.235,94.1083,101,12.4,9.4,3.7,23.8,21.4,54.8,7.1,954.8,Open Forest,Loam,Hard Sedimentary,10.56,0,Winter,2021-12-11,0
Lakhimpur,Assam,Lakhimpur,27.235,94.1083,101,12.4,19.3,9.6,32.3,21.2,54.7,4.3,973.7,Barren/Rocky,Loam,Mixed,5.06,0,Spring,2022-02-09,0
Lakhimpur,Assam,Lakhimpur,27.235,94.1083,101,12.4,50.1,11.9,56.3,7.8,71.0,8.8,966.9,Open Forest,Clay Loam,Soft Sedimentary,0.94,0,Pre/Post Monsoon,2022-04-10,0
Lakhimpur,Assam,Lakhimpur,27.235,94.1083,101,12.4,170.6,47.7,100,19.9,81.4,2.1,994.7,Dense Forest,Loam,Mixed,9.3,0,Monsoon,2022-06-09,1
Lakhimpur,Assam,Lakhimpur,27.235,94.1083,101,12.4,164.0,44.1,100,13.4,85.7,5.7,968.0,Agriculture,Loam,Mixed,11.99,0,Monsoon,2022-08-08,1
Lakhimpur,Assam,Lakhimpur,27.235,94.1083,101,12.4,85.3,13.2,80.3,12.9,87.0,11.5,974.2,Agriculture,Clay,Hard Sedimentary,1.88,0,Pre/Post Monsoon,2022-10-07,1
Lakhimpur,Assam,Lakhimpur,27.235,94.1083,101,12.4,17.5,3.9,23.4,21.6,49.5,5.7,976.1,Open Forest,Sandy Loam,Mixed,11.36,0,Winter,2022-12-06,0
Lakhimpur,Assam,Lakhimpur,27.235,94.1083,101,12.4,31.5,4.7,33.2,15.6,54.9,10.3,1001.2,Shrubland,Sandy Loam,Hard Sedimentary,5.94,0,Spring,2023-02-04,0
Lakhimpur,Assam,Lakhimpur,27.235,94.1083,101,12.4,105.8,8.2,94.0,8.6,89.2,2.7,969.4,Agriculture,Sandy Clay Loam,Metamorphic,1.87,0,Pre/Post Monsoon,2023-04-05,0
Lakhimpur,Assam,Lakhimpur,27.235,94.1083,101,12.4,144.1,15.5,100,10.2,85.5,8.8,975.7,Dense Forest,Sandy Clay Loam,Hard Sedimentary,6.45,0,Monsoon,2023-06-04,1
Lakhimpur,Assam,Lakhimpur,27.235,94.1083,101,12.4,138.0,53.8,100,14.8,81.1,4.1,969.6,Open Forest,Loam,Igneous,9.48,0,Monsoon,2023-08-03,1
Lakhimpur,Assam,Lakhimpur,27.235,94.1083,101,12.4,85.9,23.0,79.1,20.2,89.1,11.1,992.5,Barren/Rocky,Sandy Loam,Hard Sedimentary,5.97,0,Pre/Post Monsoon,2023-10-02,1
Lakhimpur,Assam,Lakhimpur,27.235,94.1083,101,12.4,7.7,0.7,20.7,16.1,48.0,11.0,1006.8,Shrubland,Clay Loam,Igneous,4.8,0,Winter,2023-12-01,0
Lakhimpur,Assam,Lakhimpur,27.235,94.1083,101,12.4,14.2,1.8,25.9,15.2,59.4,2.0,971.4,Barren/Rocky,Clay,Mixed,1.92,0,Winter,2024-01-30,0
Lakhimpur,Assam,Lakhimpur,27.235,94.1083,101,12.4,49.5,8.0,50.9,20.8,63.4,11.6,985.9,Dense Forest,Loam,Soft Sedimentary,8.88,0,Spring,2024-03-30,0
Lakhimpur,Assam,Lakhimpur,27.235,94.1083,101,12.4,49.9,12.5,54.3,21.3,82.5,4.0,967.8,Dense Forest,Clay,Soft Sedimentary,4.55,0,Pre/Post Monsoon,2024-05-29,0
Lakhimpur,Assam,Lakhimpur,27.235,94.1083,101,12.4,171.4,37.2,100,19.8,90.7,4.7,966.6,Barren/Rocky,Clay,Metamorphic,2.12,1,Monsoon,2024-07-28,1
Lakhimpur,Assam,Lakhimpur,27.235,94.1083,101,12.4,34.2,11.5,49.0,9.9,76.9,5.8,951.5,Agriculture,Loam,Igneous,2.3,0,Pre/Post Monsoon,2024-09-26,0
Lakhimpur,Assam,Lakhimpur,27.235,94.1083,101,12.4,12.9,1.6,27.8,8.3,58.9,9.2,992.8,Agriculture,Clay Loam,Soft Sedimentary,1.85,1,Winter,2024-11-25,0
Lakhimpur,Assam,Lakhimpur,27.235,94.1083,101,12.4,14.3,0.5,20.8,13.4,49.0,5.4,954.2,Agriculture,Sandy Clay Loam,Soft Sedimentary,6.39,0,Winter,2025-01-24,0
Lakhimpur,Assam,Lakhimpur,27.235,94.1083,101,12.4,20.4,10.2,32.0,14.8,70.4,11.1,965.6,Open Forest,Clay Loam,Mixed,0.49,0,Spring,2025-03-25,0
Lakhimpur,Assam,Lakhimpur,27.235,94.1083,101,12.4,68.3,5.8,71.5,22.9,84.0,3.4,969.2,Agriculture,Clay,Soft Sedimentary,6.22,0,Pre/Post Monsoon,2025-05-24,0
Lakhimpur,Assam,Lakhimpur,27.235,94.1083,101,12.4,161.5,16.6,100,11.0,90.6,2.1,992.1,Barren/Rocky,Loam,Mixed,10.8,0,Monsoon,2025-07-23,1
Lakhimpur,Assam,Lakhimpur,27.235,94.1083,101,12.4,103.2,19.9,82.1,16.6,72.0,3.6,962.1,Barren/Rocky,Loam,Metamorphic,2.51,0,Pre/Post Monsoon,2025-09-21,0
Lakhimpur,Assam,Lakhimpur,27.235,94.1083,101,12.4,9.0,2.2,30.1,18.4,64.2,4.0,956.8,Agriculture,Clay Loam,Hard Sedimentary,2.56,0,Winter,2025-11-20,0
Ukhrul,Manipur,Ukhrul,25.103,94.369,1662,40.3,16.7,3.4,29.5,15.5,62.2,2.5,987.6,Barren/Rocky,Loam,Hard Sedimentary,6.23,1,Winter,2018-01-01,1
Ukhrul,Manipur,Ukhrul,25.103,94.369,1662,40.3,45.1,4.1,48.9,8.7,73.7,11.8,986.1,Open Forest,Clay,Igneous,6.82,1,Spring,2018-03-02,1
Ukhrul,Manipur,Ukhrul,25.103,94.369,1662,40.3,36.2,7.1,38.2,3.0,65.0,2.1,966.5,Dense Forest,Loam,Igneous,4.7,0,Pre/Post Monsoon,2018-05-01,1
Ukhrul,Manipur,Ukhrul,25.103,94.369,1662,40.3,137.8,40.8,100,14.3,97.5,4.8,989.2,Shrubland,Clay Loam,Soft Sedimentary,3.76,1,Monsoon,2018-06-30,1
Ukhrul,Manipur,Ukhrul,25.103,94.369,1662,40.3,105.6,40.5,95.9,15.1,97.1,11.3,960.5,Dense Forest,Clay Loam,Hard Sedimentary,5.57,0,Monsoon,2018-08-29,1
Ukhrul,Manipur,Ukhrul,25.103,94.369,1662,40.3,51.6,19.1,51.9,14.2,77.0,2.7,990.7,Dense Forest,Clay Loam,Igneous,5.3,1,Pre/Post Monsoon,2018-10-28,1
Ukhrul,Manipur,Ukhrul,25.103,94.369,1662,40.3,11.5,0.2,18.7,14.8,41.6,4.8,978.8,Shrubland,Clay Loam,Metamorphic,11.57,1,Winter,2018-12-27,1
Ukhrul,Manipur,Ukhrul,25.103,94.369,1662,40.3,49.9,2.4,50.4,16.2,64.1,9.0,997.5,Dense Forest,Loam,Metamorphic,1.24,1,Spring,2019-02-25,1
Ukhrul,Manipur,Ukhrul,25.103,94.369,1662,40.3,59.9,23.0,60.2,11.1,83.2,8.4,974.4,Barren/Rocky,Clay,Metamorphic,5.72,1,Pre/Post Monsoon,2019-04-26,1
Ukhrul,Manipur,Ukhrul,25.103,94.369,1662,40.3,177.8,31.3,100,3.8,97.3,3.4,1005.5,Agriculture,Clay,Mixed,10.37,1,Monsoon,2019-06-25,1
Ukhrul,Manipur,Ukhrul,25.103,94.369,1662,40.3,167.8,36.6,100,5.0,95.0,3.4,999.0,Open Forest,Clay,Soft Sedimentary,9.92,0,Monsoon,2019-08-24,1
Ukhrul,Manipur,Ukhrul,25.103,94.369,1662,40.3,71.6,16.5,68.8,11.3,71.4,9.4,991.0,Shrubland,Clay,Soft Sedimentary,4.04,0,Pre/Post Monsoon,2019-10-23,1
Ukhrul,Manipur,Ukhrul,25.103,94.369,1662,40.3,10.5,4.1,20.8,8.1,45.5,9.5,956.4,Agriculture,Sandy Loam,Hard Sedimentary,8.65,0,Winter,2019-12-22,1
Ukhrul,Manipur,Ukhrul,25.103,94.369,1662,40.3,32.3,11.2,43.9,7.4,67.4,5.0,962.6,Dense Forest,Sandy Loam,Soft Sedimentary,0.39,1,Spring,2020-02-20,1
Ukhrul,Manipur,Ukhrul,25.103,94.369,1662,40.3,35.4,14.1,44.9,17.6,68.0,2.1,985.9,Shrubland,Clay,Metamorphic,2.66,1,Pre/Post Monsoon,2020-04-20,1
Ukhrul,Manipur,Ukhrul,25.103,94.369,1662,40.3,172.6,38.7,100,18.1,92.2,5.5,965.3,Agriculture,Clay,Mixed,9.28,1,Monsoon,2020-06-19,1
Ukhrul,Manipur,Ukhrul,25.103,94.369,1662,40.3,213.4,42.4,100,8.5,97.9,9.6,955.2,Shrubland,Sandy Clay Loam,Soft Sedimentary,1.18,0,Monsoon,2020-08-18,1
Ukhrul,Manipur,Ukhrul,25.103,94.369,1662,40.3,66.4,20.0,56.7,18.2,71.0,5.1,996.6,Agriculture,Sandy Loam,Mixed,5.05,1,Pre/Post Monsoon,2020-10-17,1
Ukhrul,Manipur,Ukhrul,25.103,94.369,1662,40.3,18.7,2.2,30.7,9.9,52.6,5.9,1005.5,Dense Forest,Loam,Mixed,1.59,1,Winter,2020-12-16,0
Ukhrul,Manipur,Ukhrul,25.103,94.369,1662,40.3,25.3,3.6,30.0,7.8,57.3,3.5,1000.2,Open Forest,Clay,Igneous,3.14,1,Spring,2021-02-14,1
Ukhrul,Manipur,Ukhrul,25.103,94.369,1662,40.3,91.8,5.9,76.7,7.9,69.6,10.5,963.7,Agriculture,Clay Loam,Soft Sedimentary,2.14,1,Pre/Post Monsoon,2021-04-15,1
Ukhrul,Manipur,Ukhrul,25.103,94.369,1662,40.3,147.0,29.7,100,2.8,92.6,8.9,988.1,Dense Forest,Clay,Igneous,0.6,1,Monsoon,2021-06-14,1
Ukhrul,Manipur,Ukhrul,25.103,94.369,1662,40.3,98.5,25.5,87.1,8.2,97.1,11.2,1004.4,Open Forest,Clay Loam,Soft Sedimentary,2.11,0,Monsoon,2021-08-13,1
Ukhrul,Manipur,Ukhrul,25.103,94.369,1662,40.3,82.8,15.9,77.9,10.1,78.9,8.6,984.9,Dense Forest,Sandy Clay Loam,Soft Sedimentary,2.94,1,Pre/Post Monsoon,2021-10-12,1
Ukhrul,Manipur,Ukhrul,25.103,94.369,1662,40.3,0.2,0.3,22.7,4.3,59.7,7.9,950.5,Open Forest,Loam,Hard Sedimentary,10.35,0,Winter,2021-12-11,0
Ukhrul,Manipur,Ukhrul,25.103,94.369,1662,40.3,31.7,4.1,37.7,11.3,54.3,10.6,954.3,Open Forest,Sandy Clay Loam,Hard Sedimentary,10.36,1,Spring,2022-02-09,1
Ukhrul,Manipur,Ukhrul,25.103,94.369,1662,40.3,75.3,9.9,69.4,15.9,83.8,4.3,965.7,Dense Forest,Clay,Soft Sedimentary,10.47,0,Pre/Post Monsoon,2022-04-10,1
Ukhrul,Manipur,Ukhrul,25.103,94.369,1662,40.3,140.8,39.3,100,14.4,95.6,8.1,997.4,Agriculture,Sandy Loam,Hard Sedimentary,7.27,1,Monsoon,2022-06-09,1
Ukhrul,Manipur,Ukhrul,25.103,94.369,1662,40.3,168.0,31.7,100,13.7,90.1,9.7,952.4,Shrubland,Clay,Metamorphic,5.68,0,Monsoon,2022-08-08,1
Ukhrul,Manipur,Ukhrul,25.103,94.369,1662,40.3,96.9,17.1,83.8,16.1,88.0,6.9,995.4,Barren/Rocky,Sandy Clay Loam,Mixed,7.27,0,Pre/Post Monsoon,2022-10-07,1
Ukhrul,Manipur,Ukhrul,25.103,94.369,1662,40.3,1.8,2.4,19.3,10.7,48.6,4.5,966.1,Shrubland,Loam,Mixed,6.26,1,Winter,2022-12-06,1
Ukhrul,Manipur,Ukhrul,25.103,94.369,1662,40.3,34.8,5.5,39.5,15.7,57.7,6.1,965.8,Agriculture,Sandy Loam,Mixed,10.71,1,Spring,2023-02-04,1
Ukhrul,Manipur,Ukhrul,25.103,94.369,1662,40.3,45.2,18.7,50.9,11.3,82.8,6.6,981.2,Dense Forest,Loam,Hard Sedimentary,2.63,0,Pre/Post Monsoon,2023-04-05,1
Ukhrul,Manipur,Ukhrul,25.103,94.369,1662,40.3,205.3,47.4,100,8.7,86.7,11.3,977.5,Shrubland,Sandy Loam,Metamorphic,7.35,1,Monsoon,2023-06-04,1
Ukhrul,Manipur,Ukhrul,25.103,94.369,1662,40.3,90.4,22.6,83.2,17.3,96.8,11.9,985.0,Shrubland,Sandy Clay Loam,Mixed,5.16,1,Monsoon,2023-08-03,1
Ukhrul,Manipur,Ukhrul,25.103,94.369,1662,40.3,77.6,14.5,65.6,4.4,74.7,5.6,998.1,Dense Forest,Clay Loam,Soft Sedimentary,3.47,1,Pre/Post Monsoon,2023-10-02,1
Ukhrul,Manipur,Ukhrul,25.103,94.369,1662,40.3,18.5,3.4,26.6,16.7,45.1,2.1,970.3,Barren/Rocky,Loam,Metamorphic,5.27,1,Winter,2023-12-01,1
Ukhrul,Manipur,Ukhrul,25.103,94.369,1662,40.3,18.6,1.8,27.1,2.8,45.9,9.6,960.3,Agriculture,Sandy Loam,Mixed,7.47,0,Winter,2024-01-30,1
Ukhrul,Manipur,Ukhrul,25.103,94.369,1662,40.3,43.3,3.2,40.9,9.0,56.2,8.1,1003.5,Open Forest,Loam,Soft Sedimentary,0.24,0,Spring,2024-03-30,0
Ukhrul,Manipur,Ukhrul,25.103,94.369,1662,40.3,65.7,9.6,65.7,9.0,86.2,3.5,1003.3,Barren/Rocky,Clay,Soft Sedimentary,6.59,1,Pre/Post Monsoon,2024-05-29,1
Ukhrul,Manipur,Ukhrul,25.103,94.369,1662,40.3,146.8,50.0,100,2.8,86.2,5.9,976.5,Open Forest,Loam,Hard Sedimentary,8.5,0,Monsoon,2024-07-28,1
Ukhrul,Manipur,Ukhrul,25.103,94.369,1662,40.3,43.5,13.1,46.3,8.1,70.4,9.1,1003.9,Agriculture,Sandy Clay Loam,Igneous,11.54,0,Pre/Post Monsoon,2024-09-26,1
Ukhrul,Manipur,Ukhrul,25.103,94.369,1662,40.3,9.0,4.0,21.2,8.0,49.7,6.9,993.5,Agriculture,Clay Loam,Igneous,3.21,1,Winter,2024-11-25,1
Ukhrul,Manipur,Ukhrul,25.103,94.369,1662,40.3,9.6,0.8,27.7,12.8,61.3,10.1,1000.8,Agriculture,Loam,Soft Sedimentary,9.18,1,Winter,2025-01-24,1
Ukhrul,Manipur,Ukhrul,25.103,94.369,1662,40.3,36.5,7.5,37.3,10.9,56.3,3.5,958.5,Agriculture,Loam,Hard Sedimentary,2.9,1,Spring,2025-03-25,1
Ukhrul,Manipur,Ukhrul,25.103,94.369,1662,40.3,99.7,17.4,86.3,15.0,79.3,10.7,994.5,Shrubland,Sandy Clay Loam,Igneous,11.32,0,Pre/Post Monsoon,2025-05-24,1
Ukhrul,Manipur,Ukhrul,25.103,94.369,1662,40.3,168.3,18.1,100,6.8,93.9,7.3,996.7,Barren/Rocky,Loam,Hard Sedimentary,2.0,0,Monsoon,2025-07-23,1
Ukhrul,Manipur,Ukhrul,25.103,94.369,1662,40.3,56.0,8.4,56.0,15.5,71.8,10.9,973.6,Open Forest,Clay Loam,Igneous,2.04,1,Pre/Post Monsoon,2025-09-21,1
Ukhrul,Manipur,Ukhrul,25.103,94.369,1662,40.3,11.5,1.4,18.6,5.3,46.1,4.5,988.4,Dense Forest,Clay Loam,Igneous,1.8,1,Winter,2025-11-20,0
Mon,Nagaland,Mon,26.725,95.04,898,24.8,13.6,2.0,26.4,11.5,53.5,11.6,1006.6,Shrubland,Sandy Clay Loam,Mixed,8.68,0,Winter,2018-01-01,0
Mon,Nagaland,Mon,26.725,95.04,898,24.8,20.8,10.6,25.8,5.6,53.2,11.9,1000.5,Dense Forest,Sandy Clay Loam,Igneous,4.71,1,Spring,2018-03-02,0
Mon,Nagaland,Mon,26.725,95.04,898,24.8,45.9,5.3,48.3,15.2,75.9,10.7,997.4,Open Forest,Loam,Igneous,3.09,1,Pre/Post Monsoon,2018-05-01,0
Mon,Nagaland,Mon,26.725,95.04,898,24.8,122.9,31.0,97.1,11.0,92.8,3.3,1007.6,Open Forest,Sandy Loam,Soft Sedimentary,3.69,1,Monsoon,2018-06-30,1
Mon,Nagaland,Mon,26.725,95.04,898,24.8,205.3,49.9,100,9.7,81.4,7.5,952.4,Agriculture,Clay Loam,Metamorphic,4.11,1,Monsoon,2018-08-29,1
Mon,Nagaland,Mon,26.725,95.04,898,24.8,109.4,7.9,84.4,9.3,82.8,4.2,981.3,Dense Forest,Clay,Igneous,4.14,0,Pre/Post Monsoon,2018-10-28,1
Mon,Nagaland,Mon,26.725,95.04,898,24.8,5.7,0.3,21.0,7.0,52.9,6.9,995.8,Dense Forest,Sandy Clay Loam,Mixed,6.17,0,Winter,2018-12-27,0
Mon,Nagaland,Mon,26.725,95.04,898,24.8,43.9,5.3,49.2,16.7,67.9,3.4,995.7,Open Forest,Clay Loam,Mixed,4.73,0,Spring,2019-02-25,0
Mon,Nagaland,Mon,26.725,95.04,898,24.8,31.0,7.7,46.4,8.1,75.5,10.8,975.6,Barren/Rocky,Loam,Hard Sedimentary,0.21,1,Pre/Post Monsoon,2019-04-26,1
Mon,Nagaland,Mon,26.725,95.04,898,24.8,184.5,46.5,100,19.6,83.9,8.7,956.9,Agriculture,Loam,Mixed,8.79,0,Monsoon,2019-06-25,1
Mon,Nagaland,Mon,26.725,95.04,898,24.8,165.0,36.9,100,16.9,96.2,5.3,959.3,Barren/Rocky,Sandy Clay Loam,Metamorphic,9.71,0,Monsoon,2019-08-24,1
Mon,Nagaland,Mon,26.725,95.04,898,24.8,64.7,10.4,71.3,9.8,88.5,11.9,953.1,Barren/Rocky,Loam,Metamorphic,1.46,1,Pre/Post Monsoon,2019-10-23,1
Mon,Nagaland,Mon,26.725,95.04,898,24.8,17.6,1.2,33.6,19.8,62.6,7.1,974.8,Agriculture,Clay,Mixed,4.11,1,Winter,2019-12-22,0
Mon,Nagaland,Mon,26.725,95.04,898,24.8,48.2,8.6,46.4,19.8,69.4,6.1,975.9,Agriculture,Clay,Soft Sedimentary,4.14,0,Spring,2020-02-20,0
Mon,Nagaland,Mon,26.725,95.04,898,24.8,100.3,14.8,85.4,14.4,89.0,10.5,967.2,Barren/Rocky,Sandy Loam,Metamorphic,2.08,1,Pre/Post Monsoon,2020-04-20,1
Mon,Nagaland,Mon,26.725,95.04,898,24.8,103.1,18.3,88.6,7.4,93.3,11.0,1006.1,Open Forest,Clay Loam,Soft Sedimentary,5.76,1,Monsoon,2020-06-19,1
Mon,Nagaland,Mon,26.725,95.04,898,24.8,178.2,51.7,100,15.7,92.6,3.7,968.6,Dense Forest,Clay Loam,Mixed,1.17,1,Monsoon,2020-08-18,1
Mon,Nagaland,Mon,26.725,95.04,898,24.8,93.2,22.9,78.9,12.9,85.6,4.9,1000.2,Dense Forest,Sandy Clay Loam,Metamorphic,1.84,0,Pre/Post Monsoon,2020-10-17,1
Mon,Nagaland,Mon,26.725,95.04,898,24.8,12.9,3.5,23.8,14.7,42.4,2.3,1001.1,Open Forest,Clay,Igneous,4.43,0,Winter,2020-12-16,0
Mon,Nagaland,Mon,26.725,95.04,898,24.8,29.6,11.3,42.4,18.6,69.9,4.1,977.7,Open Forest,Clay Loam,Soft Sedimentary,0.89,0,Spring,2021-02-14,0
Mon,Nagaland,Mon,26.725,95.04,898,24.8,40.1,19.5,45.5,10.3,72.1,4.4,978.9,Agriculture,Clay Loam,Mixed,8.81,1,Pre/Post Monsoon,2021-04-15,0
Mon,Nagaland,Mon,26.725,95.04,898,24.8,175.3,29.6,100,10.5,87.0,10.4,998.2,Agriculture,Sandy Loam,Igneous,5.67,0,Monsoon,2021-06-14,1
Mon,Nagaland,Mon,26.725,95.04,898,24.8,148.4,47.6,100,16.3,93.4,11.6,995.1,Open Forest,Clay Loam,Hard Sedimentary,11.46,0,Monsoon,2021-08-13,1
Mon,Nagaland,Mon,26.725,95.04,898,24.8,41.9,22.7,52.4,14.7,71.0,11.1,993.2,Agriculture,Clay Loam,Soft Sedimentary,7.65,0,Pre/Post Monsoon,2021-10-12,1
Mon,Nagaland,Mon,26.725,95.04,898,24.8,6.7,0.5,21.5,20.5,59.3,3.5,990.8,Barren/Rocky,Loam,Mixed,4.81,0,Winter,2021-12-11,0
Mon,Nagaland,Mon,26.725,95.04,898,24.8,30.2,11.5,43.3,12.3,70.0,7.5,982.3,Agriculture,Clay Loam,Metamorphic,4.12,0,Spring,2022-02-09,1
Mon,Nagaland,Mon,26.725,95.04,898,24.8,68.0,22.6,69.3,19.6,88.2,4.3,968.9,Barren/Rocky,Sandy Loam,Igneous,3.32,0,Pre/Post Monsoon,2022-04-10,1
Mon,Nagaland,Mon,26.725,95.04,898,24.8,176.9,38.2,100,5.1,87.1,4.2,999.3,Open Forest,Clay,Soft Sedimentary,5.27,0,Monsoon,2022-06-09,1
Mon,Nagaland,Mon,26.725,95.04,898,24.8,159.6,51.0,100,5.3,96.9,9.3,996.0,Shrubland,Sandy Clay Loam,Soft Sedimentary,6.06,0,Monsoon,2022-08-08,1
Mon,Nagaland,Mon,26.725,95.04,898,24.8,92.4,22.1,83.9,11.2,88.1,3.8,989.4,Dense Forest,Clay,Soft Sedimentary,4.08,1,Pre/Post Monsoon,2022-10-07,1
Mon,Nagaland,Mon,26.725,95.04,898,24.8,2.6,3.7,19.4,15.5,46.5,6.2,1004.4,Open Forest,Sandy Loam,Metamorphic,1.35,0,Winter,2022-12-06,0
Mon,Nagaland,Mon,26.725,95.04,898,24.8,34.0,7.5,40.5,20.7,51.7,10.5,950.2,Open Forest,Clay Loam,Metamorphic,11.59,1,Spring,2023-02-04,1
Mon,Nagaland,Mon,26.725,95.04,898,24.8,70.0,21.7,65.8,13.2,78.4,8.1,997.1,Shrubland,Clay Loam,Metamorphic,2.28,0,Pre/Post Monsoon,2023-04-05,1
Mon,Nagaland,Mon,26.725,95.04,898,24.8,184.3,51.4,100,20.5,91.2,11.9,959.7,Shrubland,Sandy Loam,Mixed,9.82,0,Monsoon,2023-06-04,1
Mon,Nagaland,Mon,26.725,95.04,898,24.8,93.9,49.1,87.7,11.9,94.3,9.8,974.1,Open Forest,Sandy Loam,Mixed,7.72,0,Monsoon,2023-08-03,1
Mon,Nagaland,Mon,26.725,95.04,898,24.8,108.1,19.9,92.3,19.9,85.9,7.6,977.5,Shrubland,Loam,Hard Sedimentary,10.82,1,Pre/Post Monsoon,2023-10-02,1
Mon,Nagaland,Mon,26.725,95.04,898,24.8,0.3,3.3,19.9,10.4,49.3,2.1,968.9,Agriculture,Clay Loam,Hard Sedimentary,10.15,0,Winter,2023-12-01,0
Mon,Nagaland,Mon,26.725,95.04,898,24.8,2.3,0.7,21.9,20.9,52.4,5.4,987.5,Dense Forest,Loam,Hard Sedimentary,3.88,0,Winter,2024-01-30,0
Mon,Nagaland,Mon,26.725,95.04,898,24.8,45.1,2.5,41.3,20.4,57.5,4.6,972.8,Open Forest,Loam,Metamorphic,10.23,0,Spring,2024-03-30,0
Mon,Nagaland,Mon,26.725,95.04,898,24.8,36.0,11.2,50.0,5.4,72.5,5.3,992.7,Open Forest,Sandy Clay Loam,Mixed,7.27,1,Pre/Post Monsoon,2024-05-29,1
Mon,Nagaland,Mon,26.725,95.04,898,24.8,189.8,27.7,100,14.2,82.2,2.8,952.9,Shrubland,Sandy Clay Loam,Mixed,10.97,1,Monsoon,2024-07-28,1
Mon,Nagaland,Mon,26.725,95.04,898,24.8,102.5,18.2,84.3,11.5,67.5,5.1,1002.7,Dense Forest,Loam,Metamorphic,8.94,1,Pre/Post Monsoon,2024-09-26,1
Mon,Nagaland,Mon,26.725,95.04,898,24.8,2.1,2.4,19.7,10.8,51.7,4.6,985.5,Barren/Rocky,Sandy Loam,Soft Sedimentary,4.14,1,Winter,2024-11-25,1
Mon,Nagaland,Mon,26.725,95.04,898,24.8,12.6,0.1,19.5,16.3,45.5,11.6,1001.8,Barren/Rocky,Sandy Loam,Igneous,0.26,0,Winter,2025-01-24,0
Mon,Nagaland,Mon,26.725,95.04,898,24.8,42.8,9.8,38.3,13.8,54.7,4.1,990.0,Open Forest,Sandy Clay Loam,Metamorphic,4.26,0,Spring,2025-03-25,0
Mon,Nagaland,Mon,26.725,95.04,898,24.8,51.5,17.3,56.4,16.3,87.2,8.1,950.1,Dense Forest,Clay,Mixed,2.46,1,Pre/Post Monsoon,2025-05-24,1
Mon,Nagaland,Mon,26.725,95.04,898,24.8,195.9,38.2,100,9.0,97.4,4.3,965.0,Dense Forest,Clay Loam,Igneous,1.77,1,Monsoon,2025-07-23,1
Mon,Nagaland,Mon,26.725,95.04,898,24.8,82.1,19.3,71.3,5.2,85.7,4.1,958.7,Dense Forest,Loam,Metamorphic,11.73,0,Pre/Post Monsoon,2025-09-21,1
Mon,Nagaland,Mon,26.725,95.04,898,24.8,8.9,1.0,23.0,8.3,55.9,10.7,1001.5,Open Forest,Clay,Igneous,11.4,0,Winter,2025-11-20,0
Tura,Meghalaya,West Garo Hills,25.5142,90.2022,649,26.3,8.7,0.8,28.1,19.2,59.5,7.2,962.2,Dense Forest,Loam,Hard Sedimentary,3.54,1,Winter,2018-01-01,0
Tura,Meghalaya,West Garo Hills,25.5142,90.2022,649,26.3,42.5,7.3,47.4,11.4,64.7,6.5,991.3,Shrubland,Clay,Igneous,3.38,0,Spring,2018-03-02,0
Tura,Meghalaya,West Garo Hills,25.5142,90.2022,649,26.3,31.4,9.7,48.7,9.3,77.1,7.1,1006.0,Dense Forest,Loam,Metamorphic,6.36,0,Pre/Post Monsoon,2018-05-01,0
Tura,Meghalaya,West Garo Hills,25.5142,90.2022,649,26.3,187.0,15.8,100,20.0,90.2,4.8,998.6,Barren/Rocky,Sandy Clay Loam,Mixed,9.63,0,Monsoon,2018-06-30,1
Tura,Meghalaya,West Garo Hills,25.5142,90.2022,649,26.3,217.1,15.1,100,11.1,97.3,7.5,984.1,Dense Forest,Clay,Hard Sedimentary,2.41,0,Monsoon,2018-08-29,1
Tura,Meghalaya,West Garo Hills,25.5142,90.2022,649,26.3,50.1,21.1,57.1,15.9,79.7,11.6,983.9,Shrubland,Clay Loam,Igneous,5.77,1,Pre/Post Monsoon,2018-10-28,1
Tura,Meghalaya,West Garo Hills,25.5142,90.2022,649,26.3,17.2,1.8,30.0,14.4,59.0,6.3,983.7,Dense Forest,Clay Loam,Mixed,10.77,1,Winter,2018-12-27,0
Tura,Meghalaya,West Garo Hills,25.5142,90.2022,649,26.3,31.3,7.3,46.1,7.5,68.5,7.5,993.1,Open Forest,Sandy Loam,Hard Sedimentary,4.58,1,Spring,2019-02-25,0
Tura,Meghalaya,West Garo Hills,25.5142,90.2022,649,26.3,39.6,10.6,46.8,13.0,79.7,5.4,964.2,Dense Forest,Clay Loam,Metamorphic,9.53,0,Pre/Post Monsoon,2019-04-26,0
Tura,Meghalaya,West Garo Hills,25.5142,90.2022,649,26.3,95.7,42.6,86.0,16.4,89.7,2.1,1000.5,Open Forest,Clay,Metamorphic,1.38,0,Monsoon,2019-06-25,1
Tura,Meghalaya,West Garo Hills,25.5142,90.2022,649,26.3,90.0,42.9,84.0,17.9,96.8,3.6,994.3,Barren/Rocky,Clay Loam,Metamorphic,2.47,0,Monsoon,2019-08-24,1
Tura,Meghalaya,West Garo Hills,25.5142,90.2022,649,26.3,88.6,8.9,72.9,8.0,70.2,8.6,963.5,Open Forest,Clay Loam,Soft Sedimentary,8.76,0,Pre/Post Monsoon,2019-10-23,1
Tura,Meghalaya,West Garo Hills,25.5142,90.2022,649,26.3,16.7,2.2,25.8,19.2,57.2,5.8,960.3,Dense Forest,Sandy Clay Loam,Hard Sedimentary,8.28,0,Winter,2019-12-22,0
Tura,Meghalaya,West Garo Hills,25.5142,90.2022,649,26.3,41.8,4.1,39.1,7.6,53.8,10.1,966.0,Barren/Rocky,Sandy Clay Loam,Mixed,11.41,0,Spring,2020-02-20,0
Tura,Meghalaya,West Garo Hills,25.5142,90.2022,649,26.3,100.9,8.1,87.6,14.4,89.9,11.5,975.5,Barren/Rocky,Clay,Metamorphic,3.93,0,Pre/Post Monsoon,2020-04-20,1
Tura,Meghalaya,West Garo Hills,25.5142,90.2022,649,26.3,115.5,26.8,92.3,13.3,93.9,7.8,997.8,Open Forest,Clay Loam,Hard Sedimentary,8.9,0,Monsoon,2020-06-19,1
Tura,Meghalaya,West Garo Hills,25.5142,90.2022,649,26.3,141.3,41.0,100,18.9,92.8,3.8,1002.5,Open Forest,Sandy Loam,Soft Sedimentary,6.2,0,Monsoon,2020-08-18,1
Tura,Meghalaya,West Garo Hills,25.5142,90.2022,649,26.3,73.1,6.7,65.2,7.3,78.1,7.5,999.7,Dense Forest,Clay,Igneous,10.23,1,Pre/Post Monsoon,2020-10-17,1
Tura,Meghalaya,West Garo Hills,25.5142,90.2022,649,26.3,14.0,0.4,22.2,12.9,43.7,8.3,954.8,Shrubland,Clay,Hard Sedimentary,8.24,0,Winter,2020-12-16,0
Tura,Meghalaya,West Garo Hills,25.5142,90.2022,649,26.3,16.2,2.1,21.9,16.5,50.7,10.1,951.8,Shrubland,Sandy Loam,Mixed,1.16,0,Spring,2021-02-14,0
Tura,Meghalaya,West Garo Hills,25.5142,90.2022,649,26.3,94.4,13.8,78.1,16.2,87.4,8.3,1008.1,Dense Forest,Sandy Loam,Metamorphic,3.89,0,Pre/Post Monsoon,2021-04-15,1
Tura,Meghalaya,West Garo Hills,25.5142,90.2022,649,26.3,187.8,25.4,100,18.8,81.5,7.8,978.6,Agriculture,Sandy Clay Loam,Soft Sedimentary,1.98,0,Monsoon,2021-06-14,1
Tura,Meghalaya,West Garo Hills,25.5142,90.2022,649,26.3,130.8,33.8,98.6,13.3,89.1,2.5,989.7,Open Forest,Clay,Metamorphic,7.71,1,Monsoon,2021-08-13,1
Tura,Meghalaya,West Garo Hills,25.5142,90.2022,649,26.3,72.4,13.1,64.0,9.6,79.1,4.7,963.7,Shrubland,Loam,Soft Sedimentary,4.52,0,Pre/Post Monsoon,2021-10-12,0
Tura,Meghalaya,West Garo Hills,25.5142,90.2022,649,26.3,14.6,2.8,21.4,13.4,41.0,4.4,986.1,Barren/Rocky,Sandy Clay Loam,Igneous,7.49,0,Winter,2021-12-11,0
Tura,Meghalaya,West Garo Hills,25.5142,90.2022,649,26.3,36.9,8.4,42.8,20.6,73.5,2.6,966.1,Dense Forest,Clay Loam,Igneous,3.18,0,Spring,2022-02-09,1
Tura,Meghalaya,West Garo Hills,25.5142,90.2022,649,26.3,50.9,19.7,59.7,16.1,89.1,6.7,1002.8,Open Forest,Sandy Clay Loam,Hard Sedimentary,4.66,0,Pre/Post Monsoon,2022-04-10,1
Tura,Meghalaya,West Garo Hills,25.5142,90.2022,649,26.3,142.0,24.7,100,8.1,92.1,8.8,993.6,Barren/Rocky,Sandy Clay Loam,Metamorphic,5.01,1,Monsoon,2022-06-09,1
Tura,Meghalaya,West Garo Hills,25.5142,90.2022,649,26.3,188.3,20.2,100,19.4,93.0,3.0,1007.6,Shrubland,Clay Loam,Igneous,10.51,0,Monsoon,2022-08-08,1
Tura,Meghalaya,West Garo Hills,25.5142,90.2022,649,26.3,42.5,23.9,53.1,10.5,74.3,3.9,997.3,Shrubland,Loam,Mixed,8.26,0,Pre/Post Monsoon,2022-10-07,1
Tura,Meghalaya,West Garo Hills,25.5142,90.2022,649,26.3,13.4,2.3,27.7,18.5,47.7,7.1,1007.6,Barren/Rocky,Sandy Clay Loam,Soft Sedimentary,9.31,0,Winter,2022-12-06,0
Tura,Meghalaya,West Garo Hills,25.5142,90.2022,649,26.3,44.1,4.8,49.2,8.0,68.1,9.0,990.4,Shrubland,Clay Loam,Metamorphic,8.3,1,Spring,2023-02-04,1
Tura,Meghalaya,West Garo Hills,25.5142,90.2022,649,26.3,46.4,9.3,53.7,19.0,89.2,7.3,985.2,Dense Forest,Clay,Hard Sedimentary,9.72,0,Pre/Post Monsoon,2023-04-05,0
Tura,Meghalaya,West Garo Hills,25.5142,90.2022,649,26.3,158.4,43.9,100,14.5,94.2,4.0,985.6,Open Forest,Clay,Hard Sedimentary,1.79,0,Monsoon,2023-06-04,1
Tura,Meghalaya,West Garo Hills,25.5142,90.2022,649,26.3,204.7,49.2,100,21.1,93.0,8.1,980.3,Shrubland,Clay,Soft Sedimentary,5.65,0,Monsoon,2023-08-03,1
Tura,Meghalaya,West Garo Hills,25.5142,90.2022,649,26.3,30.9,8.7,42.2,21.8,85.5,3.1,996.7,Dense Forest,Sandy Clay Loam,Hard Sedimentary,10.08,0,Pre/Post Monsoon,2023-10-02,0
Tura,Meghalaya,West Garo Hills,25.5142,90.2022,649,26.3,6.7,3.2,25.3,17.5,52.4,8.0,1007.6,Agriculture,Clay Loam,Mixed,8.23,0,Winter,2023-12-01,0
Tura,Meghalaya,West Garo Hills,25.5142,90.2022,649,26.3,2.7,0.3,14.4,7.0,47.8,7.3,996.3,Shrubland,Clay Loam,Mixed,3.65,1,Winter,2024-01-30,0
Tura,Meghalaya,West Garo Hills,25.5142,90.2022,649,26.3,44.3,7.9,45.2,12.4,68.9,9.2,1006.5,Barren/Rocky,Sandy Clay Loam,Mixed,1.95,1,Spring,2024-03-30,1
Tura,Meghalaya,West Garo Hills,25.5142,90.2022,649,26.3,63.5,6.8,69.4,17.0,88.3,4.9,981.2,Agriculture,Clay Loam,Metamorphic,7.64,0,Pre/Post Monsoon,2024-05-29,0
Tura,Meghalaya,West Garo Hills,25.5142,90.2022,649,26.3,211.6,32.1,100,17.7,97.4,3.0,994.8,Agriculture,Clay Loam,Soft Sedimentary,11.34,0,Monsoon,2024-07-28,1
Tura,Meghalaya,West Garo Hills,25.5142,90.2022,649,26.3,58.9,13.0,63.1,18.9,80.2,5.9,991.1,Dense Forest,Loam,Hard Sedimentary,1.38,1,Pre/Post Monsoon,2024-09-26,1
Tura,Meghalaya,West Garo Hills,25.5142,90.2022,649,26.3,7.1,4.1,23.1,8.8,52.7,6.9,1000.8,Agriculture,Sandy Clay Loam,Hard Sedimentary,7.53,0,Winter,2024-11-25,0
Tura,Meghalaya,West Garo Hills,25.5142,90.2022,649,26.3,15.0,0.2,19.4,20.2,46.1,7.3,976.8,Open Forest,Loam,Metamorphic,3.0,0,Winter,2025-01-24,0
Tura,Meghalaya,West Garo Hills,25.5142,90.2022,649,26.3,29.3,4.1,35.5,15.7,66.1,3.0,972.2,Dense Forest,Sandy Clay Loam,Soft Sedimentary,6.19,0,Spring,2025-03-25,1
Tura,Meghalaya,West Garo Hills,25.5142,90.2022,649,26.3,94.3,10.7,81.1,6.1,69.5,11.9,985.0,Open Forest,Clay,Mixed,8.53,0,Pre/Post Monsoon,2025-05-24,0
Tura,Meghalaya,West Garo Hills,25.5142,90.2022,649,26.3,203.0,41.3,100,16.1,94.9,9.5,990.6,Agriculture,Clay Loam,Mixed,3.69,0,Monsoon,2025-07-23,1
Tura,Meghalaya,West Garo Hills,25.5142,90.2022,649,26.3,80.9,16.4,66.5,14.9,68.7,9.7,1003.2,Barren/Rocky,Sandy Clay Loam,Hard Sedimentary,11.45,0,Pre/Post Monsoon,2025-09-21,1
Tura,Meghalaya,West Garo Hills,25.5142,90.2022,649,26.3,5.9,0.7,26.3,12.3,64.2,11.4,974.5,Dense Forest,Sandy Clay Loam,Igneous,2.03,0,Winter,2025-11-20,0
North Sikkim,Sikkim,Mangan,27.5167,88.5333,1550,34.0,8.4,4.5,21.4,5.6,56.0,7.6,1009.7,Open Forest,Sandy Clay Loam,Mixed,2.8,0,Winter,2018-01-01,0
North Sikkim,Sikkim,Mangan,27.5167,88.5333,1550,34.0,37.8,11.0,43.4,13.3,63.0,2.2,999.1,Shrubland,Clay Loam,Metamorphic,11.53,0,Spring,2018-03-02,1
North Sikkim,Sikkim,Mangan,27.5167,88.5333,1550,34.0,102.2,16.3,85.8,3.3,75.9,9.8,974.4,Shrubland,Sandy Clay Loam,Hard Sedimentary,5.32,1,Pre/Post Monsoon,2018-05-01,1
North Sikkim,Sikkim,Mangan,27.5167,88.5333,1550,34.0,164.5,28.8,100,17.6,91.3,7.6,998.5,Dense Forest,Sandy Loam,Hard Sedimentary,9.73,1,Monsoon,2018-06-30,1
North Sikkim,Sikkim,Mangan,27.5167,88.5333,1550,34.0,122.8,22.7,94.6,11.5,84.8,10.0,968.6,Barren/Rocky,Loam,Soft Sedimentary,10.28,0,Monsoon,2018-08-29,1
North Sikkim,Sikkim,Mangan,27.5167,88.5333,1550,34.0,30.1,18.4,47.9,12.4,77.8,5.9,1009.9,Dense Forest,Clay,Mixed,2.58,1,Pre/Post Monsoon,2018-10-28,1
North Sikkim,Sikkim,Mangan,27.5167,88.5333,1550,34.0,16.5,4.1,22.0,18.0,40.6,2.6,988.9,Dense Forest,Loam,Mixed,1.06,0,Winter,2018-12-27,0
North Sikkim,Sikkim,Mangan,27.5167,88.5333,1550,34.0,42.1,10.6,49.7,16.8,63.0,8.4,987.6,Dense Forest,Loam,Hard Sedimentary,7.72,1,Spring,2019-02-25,1
North Sikkim,Sikkim,Mangan,27.5167,88.5333,1550,34.0,65.4,10.6,59.6,14.3,69.1,3.4,974.2,Agriculture,Sandy Loam,Mixed,1.82,1,Pre/Post Monsoon,2019-04-26,1
North Sikkim,Sikkim,Mangan,27.5167,88.5333,1550,34.0,184.2,48.0,100,17.6,96.6,7.7,1005.9,Dense Forest,Loam,Soft Sedimentary,4.89,0,Monsoon,2019-06-25,1
North Sikkim,Sikkim,Mangan,27.5167,88.5333,1550,34.0,216.1,22.9,100,4.3,88.2,11.3,971.5,Open Forest,Sandy Loam,Metamorphic,11.01,1,Monsoon,2019-08-24,1
North Sikkim,Sikkim,Mangan,27.5167,88.5333,1550,34.0,67.1,9.1,70.2,17.4,89.9,2.8,959.8,Agriculture,Clay Loam,Hard Sedimentary,9.05,1,Pre/Post Monsoon,2019-10-23,1
North Sikkim,Sikkim,Mangan,27.5167,88.5333,1550,34.0,2.6,2.5,16.7,8.4,54.3,4.2,954.5,Barren/Rocky,Loam,Metamorphic,3.32,1,Winter,2019-12-22,1
North Sikkim,Sikkim,Mangan,27.5167,88.5333,1550,34.0,16.7,10.6,32.4,3.5,57.4,6.3,967.1,Dense Forest,Sandy Loam,Igneous,2.62,1,Spring,2020-02-20,0
North Sikkim,Sikkim,Mangan,27.5167,88.5333,1550,34.0,72.7,23.6,70.7,14.7,87.6,7.1,1004.9,Dense Forest,Clay Loam,Hard Sedimentary,7.74,0,Pre/Post Monsoon,2020-04-20,1
North Sikkim,Sikkim,Mangan,27.5167,88.5333,1550,34.0,103.3,22.7,84.8,18.4,89.3,7.5,994.1,Agriculture,Sandy Clay Loam,Igneous,2.96,1,Monsoon,2020-06-19,1
North Sikkim,Sikkim,Mangan,27.5167,88.5333,1550,34.0,204.0,48.9,100,13.7,83.2,2.3,963.7,Agriculture,Clay Loam,Igneous,9.47,0,Monsoon,2020-08-18,1
North Sikkim,Sikkim,Mangan,27.5167,88.5333,1550,34.0,62.2,23.5,53.6,10.5,68.0,10.6,979.8,Agriculture,Sandy Clay Loam,Hard Sedimentary,10.35,1,Pre/Post Monsoon,2020-10-17,1
North Sikkim,Sikkim,Mangan,27.5167,88.5333,1550,34.0,10.8,0.4,28.6,5.7,61.0,5.3,959.6,Agriculture,Loam,Soft Sedimentary,9.37,0,Winter,2020-12-16,1
North Sikkim,Sikkim,Mangan,27.5167,88.5333,1550,34.0,39.0,6.0,41.8,4.0,53.8,11.4,954.4,Barren/Rocky,Sandy Loam,Metamorphic,6.9,0,Spring,2021-02-14,1
North Sikkim,Sikkim,Mangan,27.5167,88.5333,1550,34.0,74.6,15.7,71.0,6.6,82.0,7.4,997.0,Dense Forest,Sandy Loam,Hard Sedimentary,10.73,1,Pre/Post Monsoon,2021-04-15,1
North Sikkim,Sikkim,Mangan,27.5167,88.5333,1550,34.0,213.7,42.7,100,16.3,84.1,9.2,993.0,Shrubland,Sandy Clay Loam,Metamorphic,7.85,1,Monsoon,2021-06-14,1
North Sikkim,Sikkim,Mangan,27.5167,88.5333,1550,34.0,174.1,26.3,100,11.6,88.1,10.1,1004.8,Agriculture,Clay Loam,Metamorphic,11.1,1,Monsoon,2021-08-13,1
North Sikkim,Sikkim,Mangan,27.5167,88.5333,1550,34.0,61.2,8.9,58.4,13.3,84.2,8.2,966.5,Dense Forest,Sandy Clay Loam,Soft Sedimentary,8.69,0,Pre/Post Monsoon,2021-10-12,0
North Sikkim,Sikkim,Mangan,27.5167,88.5333,1550,34.0,7.7,0.7,23.7,17.5,55.6,9.2,959.2,Open Forest,Loam,Mixed,7.01,0,Winter,2021-12-11,0
North Sikkim,Sikkim,Mangan,27.5167,88.5333,1550,34.0,38.9,2.0,47.4,13.8,66.1,5.7,991.7,Dense Forest,Loam,Igneous,4.7,0,Spring,2022-02-09,1
North Sikkim,Sikkim,Mangan,27.5167,88.5333,1550,34.0,32.5,7.5,45.8,11.5,72.0,5.4,972.5,Shrubland,Sandy Loam,Mixed,4.84,0,Pre/Post Monsoon,2022-04-10,1
North Sikkim,Sikkim,Mangan,27.5167,88.5333,1550,34.0,197.4,39.5,100,6.8,83.3,8.8,994.4,Shrubland,Clay,Hard Sedimentary,10.42,1,Monsoon,2022-06-09,1
North Sikkim,Sikkim,Mangan,27.5167,88.5333,1550,34.0,134.2,21.6,100,13.7,81.4,7.3,970.3,Agriculture,Sandy Loam,Metamorphic,4.79,0,Monsoon,2022-08-08,1
North Sikkim,Sikkim,Mangan,27.5167,88.5333,1550,34.0,99.5,9.4,80.8,15.3,78.2,4.2,1009.5,Barren/Rocky,Clay Loam,Mixed,8.59,1,Pre/Post Monsoon,2022-10-07,1
North Sikkim,Sikkim,Mangan,27.5167,88.5333,1550,34.0,10.4,4.8,23.2,11.8,63.7,5.2,979.3,Shrubland,Loam,Hard Sedimentary,0.29,1,Winter,2022-12-06,1
North Sikkim,Sikkim,Mangan,27.5167,88.5333,1550,34.0,47.4,3.1,43.3,10.6,62.0,7.2,992.3,Barren/Rocky,Sandy Loam,Metamorphic,9.56,1,Spring,2023-02-04,0
North Sikkim,Sikkim,Mangan,27.5167,88.5333,1550,34.0,54.6,11.5,55.0,8.1,76.3,3.1,993.7,Shrubland,Sandy Clay Loam,Hard Sedimentary,9.85,1,Pre/Post Monsoon,2023-04-05,1
North Sikkim,Sikkim,Mangan,27.5167,88.5333,1550,34.0,121.0,32.1,100,3.6,95.3,4.7,1000.8,Dense Forest,Loam,Soft Sedimentary,0.62,1,Monsoon,2023-06-04,1
North Sikkim,Sikkim,Mangan,27.5167,88.5333,1550,34.0,180.5,35.9,100,12.5,90.1,9.6,950.4,Shrubland,Sandy Loam,Hard Sedimentary,10.17,0,Monsoon,2023-08-03,1
North Sikkim,Sikkim,Mangan,27.5167,88.5333,1550,34.0,62.2,22.8,69.3,11.8,88.4,9.8,975.0,Shrubland,Sandy Clay Loam,Mixed,5.1,0,Pre/Post Monsoon,2023-10-02,1
North Sikkim,Sikkim,Mangan,27.5167,88.5333,1550,34.0,6.0,0.8,20.0,8.2,52.3,9.4,990.2,Barren/Rocky,Loam,Mixed,5.18,1,Winter,2023-12-01,1
North Sikkim,Sikkim,Mangan,27.5167,88.5333,1550,34.0,3.6,0.6,29.0,17.4,64.0,10.1,975.7,Shrubland,Clay Loam,Hard Sedimentary,11.2,1,Winter,2024-01-30,1
North Sikkim,Sikkim,Mangan,27.5167,88.5333,1550,34.0,43.1,5.7,40.5,13.2,55.7,11.6,957.9,Dense Forest,Loam,Metamorphic,1.02,1,Spring,2024-03-30,1
North Sikkim,Sikkim,Mangan,27.5167,88.5333,1550,34.0,71.7,17.7,67.8,14.6,75.6,4.8,967.1,Barren/Rocky,Sandy Clay Loam,Mixed,4.72,0,Pre/Post Monsoon,2024-05-29,1
North Sikkim,Sikkim,Mangan,27.5167,88.5333,1550,34.0,108.7,53.5,91.4,17.8,92.4,11.0,997.3,Shrubland,Clay,Hard Sedimentary,9.01,1,Monsoon,2024-07-28,1
North Sikkim,Sikkim,Mangan,27.5167,88.5333,1550,34.0,103.5,10.8,85.2,3.9,88.7,10.1,992.5,Dense Forest,Sandy Loam,Hard Sedimentary,10.07,1,Pre/Post Monsoon,2024-09-26,1
North Sikkim,Sikkim,Mangan,27.5167,88.5333,1550,34.0,12.5,3.1,25.3,14.6,41.5,7.2,974.9,Agriculture,Sandy Loam,Hard Sedimentary,8.67,1,Winter,2024-11-25,1
North Sikkim,Sikkim,Mangan,27.5167,88.5333,1550,34.0,15.3,2.0,25.4,13.5,57.7,3.8,971.0,Agriculture,Loam,Metamorphic,9.01,1,Winter,2025-01-24,0
North Sikkim,Sikkim,Mangan,27.5167,88.5333,1550,34.0,19.7,3.5,29.8,3.4,64.3,2.9,999.0,Agriculture,Clay,Mixed,3.04,1,Spring,2025-03-25,1
North Sikkim,Sikkim,Mangan,27.5167,88.5333,1550,34.0,87.5,24.2,76.1,5.6,81.1,4.2,976.6,Open Forest,Sandy Clay Loam,Mixed,11.61,0,Pre/Post Monsoon,2025-05-24,1
North Sikkim,Sikkim,Mangan,27.5167,88.5333,1550,34.0,113.6,21.2,93.7,17.4,97.2,6.1,960.3,Dense Forest,Clay,Metamorphic,7.96,0,Monsoon,2025-07-23,1
North Sikkim,Sikkim,Mangan,27.5167,88.5333,1550,34.0,74.3,7.9,70.1,8.0,87.4,11.6,997.4,Barren/Rocky,Sandy Loam,Metamorphic,6.76,1,Pre/Post Monsoon,2025-09-21,1
North Sikkim,Sikkim,Mangan,27.5167,88.5333,1550,34.0,14.5,2.3,25.1,10.7,58.6,5.9,964.8,Dense Forest,Sandy Clay Loam,Metamorphic,3.28,1,Winter,2025-11-20,0
Haflong,Assam,Dima Hasao,25.1648,93.0173,680,25.9,12.2,3.6,25.6,12.9,44.5,10.6,976.3,Open Forest,Sandy Clay Loam,Hard Sedimentary,5.39,1,Winter,2018-01-01,0
Haflong,Assam,Dima Hasao,25.1648,93.0173,680,25.9,41.6,11.1,48.7,9.2,68.0,10.2,958.3,Barren/Rocky,Sandy Clay Loam,Hard Sedimentary,1.74,1,Spring,2018-03-02,1
Haflong,Assam,Dima Hasao,25.1648,93.0173,680,25.9,40.8,12.3,47.1,17.4,83.2,3.9,952.3,Dense Forest,Loam,Mixed,5.97,0,Pre/Post Monsoon,2018-05-01,0
Haflong,Assam,Dima Hasao,25.1648,93.0173,680,25.9,157.4,35.2,100,11.3,90.2,9.4,992.3,Shrubland,Sandy Clay Loam,Metamorphic,2.38,0,Monsoon,2018-06-30,1
Haflong,Assam,Dima Hasao,25.1648,93.0173,680,25.9,193.8,51.9,100,18.8,94.2,2.2,1008.7,Open Forest,Clay,Soft Sedimentary,9.81,0,Monsoon,2018-08-29,1
Haflong,Assam,Dima Hasao,25.1648,93.0173,680,25.9,66.8,11.9,70.8,21.0,86.8,7.7,1005.7,Dense Forest,Clay Loam,Hard Sedimentary,7.79,1,Pre/Post Monsoon,2018-10-28,1
Haflong,Assam,Dima Hasao,25.1648,93.0173,680,25.9,13.3,0.5,26.7,10.2,45.0,7.1,953.4,Open Forest,Clay Loam,Mixed,5.1,0,Winter,2018-12-27,0
Haflong,Assam,Dima Hasao,25.1648,93.0173,680,25.9,35.8,2.9,41.1,8.1,74.2,3.5,959.1,Open Forest,Sandy Loam,Soft Sedimentary,10.43,0,Spring,2019-02-25,0
Haflong,Assam,Dima Hasao,25.1648,93.0173,680,25.9,67.3,18.2,62.7,15.4,66.3,2.9,956.8,Agriculture,Clay Loam,Hard Sedimentary,10.98,1,Pre/Post Monsoon,2019-04-26,1
Haflong,Assam,Dima Hasao,25.1648,93.0173,680,25.9,148.0,43.9,100,20.5,91.9,11.3,961.9,Barren/Rocky,Sandy Loam,Soft Sedimentary,3.66,1,Monsoon,2019-06-25,1
Haflong,Assam,Dima Hasao,25.1648,93.0173,680,25.9,159.7,41.4,100,19.8,88.2,9.8,956.2,Shrubland,Sandy Loam,Soft Sedimentary,1.26,1,Monsoon,2019-08-24,1
Haflong,Assam,Dima Hasao,25.1648,93.0173,680,25.9,80.0,7.8,71.4,5.9,73.4,11.8,959.0,Shrubland,Clay,Hard Sedimentary,0.4,0,Pre/Post Monsoon,2019-10-23,1
Haflong,Assam,Dima Hasao,25.1648,93.0173,680,25.9,19.9,1.7,31.4,18.4,49.5,9.4,950.1,Open Forest,Sandy Clay Loam,Mixed,4.27,0,Winter,2019-12-22,1
Haflong,Assam,Dima Hasao,25.1648,93.0173,680,25.9,42.2,4.3,41.6,8.0,61.3,11.4,983.0,Barren/Rocky,Loam,Igneous,3.82,0,Spring,2020-02-20,1
Haflong,Assam,Dima Hasao,25.1648,93.0173,680,25.9,50.7,6.5,53.6,8.2,83.6,6.8,953.2,Dense Forest,Loam,Mixed,2.11,1,Pre/Post Monsoon,2020-04-20,1
Haflong,Assam,Dima Hasao,25.1648,93.0173,680,25.9,111.6,39.8,88.0,17.3,88.0,6.3,985.4,Agriculture,Sandy Loam,Hard Sedimentary,1.69,0,Monsoon,2020-06-19,1
Haflong,Assam,Dima Hasao,25.1648,93.0173,680,25.9,134.5,25.4,100,19.0,95.6,8.4,963.3,Shrubland,Clay Loam,Hard Sedimentary,0.89,1,Monsoon,2020-08-18,1
Haflong,Assam,Dima Hasao,25.1648,93.0173,680,25.9,106.5,16.3,87.3,13.0,84.2,9.9,987.4,Shrubland,Clay,Mixed,8.19,0,Pre/Post Monsoon,2020-10-17,0
Haflong,Assam,Dima Hasao,25.1648,93.0173,680,25.9,16.9,4.7,21.8,19.2,46.3,10.1,977.7,Dense Forest,Clay Loam,Soft Sedimentary,6.75,0,Winter,2020-12-16,1
Haflong,Assam,Dima Hasao,25.1648,93.0173,680,25.9,16.4,2.3,35.0,18.4,72.8,3.0,973.9,Dense Forest,Clay,Hard Sedimentary,5.2,1,Spring,2021-02-14,1
Haflong,Assam,Dima Hasao,25.1648,93.0173,680,25.9,95.0,18.4,74.2,8.1,76.2,9.2,1008.5,Dense Forest,Clay,Soft Sedimentary,2.51,1,Pre/Post Monsoon,2021-04-15,1
Haflong,Assam,Dima Hasao,25.1648,93.0173,680,25.9,97.0,43.5,86.6,21.2,86.0,4.9,1008.2,Shrubland,Clay,Metamorphic,2.55,0,Monsoon,2021-06-14,1
Haflong,Assam,Dima Hasao,25.1648,93.0173,680,25.9,93.2,37.6,80.7,14.2,83.3,5.6,975.6,Agriculture,Sandy Clay Loam,Metamorphic,6.05,1,Monsoon,2021-08-13,1
Haflong,Assam,Dima Hasao,25.1648,93.0173,680,25.9,45.9,18.4,54.7,8.9,86.8,10.2,1005.2,Agriculture,Loam,Igneous,10.7,0,Pre/Post Monsoon,2021-10-12,0
Haflong,Assam,Dima Hasao,25.1648,93.0173,680,25.9,11.7,2.6,27.5,16.9,60.8,2.3,1008.8,Agriculture,Clay,Igneous,1.38,0,Winter,2021-12-11,0
Haflong,Assam,Dima Hasao,25.1648,93.0173,680,25.9,15.9,2.7,27.1,12.9,52.9,6.7,1004.8,Dense Forest,Clay Loam,Metamorphic,7.11,0,Spring,2022-02-09,1
Haflong,Assam,Dima Hasao,25.1648,93.0173,680,25.9,95.6,16.3,83.4,17.1,82.5,7.7,968.9,Dense Forest,Loam,Hard Sedimentary,0.7,0,Pre/Post Monsoon,2022-04-10,1
Haflong,Assam,Dima Hasao,25.1648,93.0173,680,25.9,174.1,38.9,100,20.3,88.9,7.3,979.6,Open Forest,Clay Loam,Hard Sedimentary,5.67,0,Monsoon,2022-06-09,1
Haflong,Assam,Dima Hasao,25.1648,93.0173,680,25.9,139.7,37.3,100,12.3,85.3,3.0,963.0,Shrubland,Clay Loam,Igneous,5.86,0,Monsoon,2022-08-08,1
Haflong,Assam,Dima Hasao,25.1648,93.0173,680,25.9,91.0,13.7,74.8,16.8,70.3,7.9,967.3,Barren/Rocky,Clay Loam,Mixed,5.46,1,Pre/Post Monsoon,2022-10-07,1
Haflong,Assam,Dima Hasao,25.1648,93.0173,680,25.9,3.3,2.2,19.7,16.3,64.7,6.7,980.9,Barren/Rocky,Sandy Loam,Soft Sedimentary,1.25,1,Winter,2022-12-06,1
Haflong,Assam,Dima Hasao,25.1648,93.0173,680,25.9,37.1,8.6,44.2,19.3,56.5,7.5,1008.4,Dense Forest,Sandy Loam,Metamorphic,8.28,0,Spring,2023-02-04,0
Haflong,Assam,Dima Hasao,25.1648,93.0173,680,25.9,102.1,22.9,74.8,12.8,67.1,10.4,980.2,Barren/Rocky,Loam,Mixed,0.56,0,Pre/Post Monsoon,2023-04-05,0
Haflong,Assam,Dima Hasao,25.1648,93.0173,680,25.9,206.2,27.2,100,17.9,82.5,10.8,971.4,Barren/Rocky,Sandy Loam,Mixed,11.8,0,Monsoon,2023-06-04,1
Haflong,Assam,Dima Hasao,25.1648,93.0173,680,25.9,160.1,17.5,100,14.4,80.5,5.2,990.0,Open Forest,Sandy Loam,Igneous,6.85,0,Monsoon,2023-08-03,1
Haflong,Assam,Dima Hasao,25.1648,93.0173,680,25.9,104.7,15.2,82.4,18.8,77.5,3.7,990.2,Barren/Rocky,Sandy Clay Loam,Hard Sedimentary,5.67,0,Pre/Post Monsoon,2023-10-02,0
Haflong,Assam,Dima Hasao,25.1648,93.0173,680,25.9,13.3,0.3,23.8,11.4,41.1,4.6,997.4,Barren/Rocky,Clay,Soft Sedimentary,4.38,1,Winter,2023-12-01,0
Haflong,Assam,Dima Hasao,25.1648,93.0173,680,25.9,3.5,1.4,24.3,16.8,62.3,5.3,972.6,Dense Forest,Clay,Mixed,9.61,0,Winter,2024-01-30,0
Haflong,Assam,Dima Hasao,25.1648,93.0173,680,25.9,21.4,8.4,39.0,20.6,72.1,4.8,986.6,Agriculture,Sandy Clay Loam,Hard Sedimentary,8.7,0,Spring,2024-03-30,0
Haflong,Assam,Dima Hasao,25.1648,93.0173,680,25.9,66.2,11.2,60.4,5.9,66.6,3.0,958.5,Shrubland,Sandy Clay Loam,Hard Sedimentary,9.94,0,Pre/Post Monsoon,2024-05-29,1
Haflong,Assam,Dima Hasao,25.1648,93.0173,680,25.9,90.0,53.7,81.2,18.2,97.3,6.0,991.8,Open Forest,Sandy Clay Loam,Soft Sedimentary,10.59,1,Monsoon,2024-07-28,1
Haflong,Assam,Dima Hasao,25.1648,93.0173,680,25.9,42.1,24.8,46.2,15.4,78.2,2.2,1000.0,Dense Forest,Loam,Soft Sedimentary,2.73,0,Pre/Post Monsoon,2024-09-26,0
Haflong,Assam,Dima Hasao,25.1648,93.0173,680,25.9,7.2,3.8,28.2,18.8,55.0,10.7,992.9,Dense Forest,Sandy Loam,Hard Sedimentary,5.81,0,Winter,2024-11-25,0
Haflong,Assam,Dima Hasao,25.1648,93.0173,680,25.9,3.7,1.2,24.2,10.9,63.0,6.0,996.8,Dense Forest,Sandy Loam,Metamorphic,10.9,0,Winter,2025-01-24,0
Haflong,Assam,Dima Hasao,25.1648,93.0173,680,25.9,20.1,3.2,24.7,10.8,52.4,3.9,967.3,Dense Forest,Sandy Clay Loam,Igneous,4.94,1,Spring,2025-03-25,0
Haflong,Assam,Dima Hasao,25.1648,93.0173,680,25.9,101.7,23.6,81.3,14.0,66.6,7.9,984.4,Barren/Rocky,Clay Loam,Mixed,6.58,0,Pre/Post Monsoon,2025-05-24,0
Haflong,Assam,Dima Hasao,25.1648,93.0173,680,25.9,150.0,37.0,100,7.0,81.7,7.2,1009.7,Open Forest,Loam,Mixed,2.38,0,Monsoon,2025-07-23,1
Haflong,Assam,Dima Hasao,25.1648,93.0173,680,25.9,73.7,17.3,65.5,18.6,78.5,11.8,973.7,Barren/Rocky,Sandy Clay Loam,Igneous,3.88,0,Pre/Post Monsoon,2025-09-21,1
Haflong,Assam,Dima Hasao,25.1648,93.0173,680,25.9,6.5,2.9,21.7,18.6,64.5,3.2,958.1,Barren/Rocky,Sandy Loam,Soft Sedimentary,10.17,0,Winter,2025-11-20,0
Champai,Mizoram,Champhai,23.46,93.33,1600,28.6,13.9,1.9,23.4,8.3,57.4,2.8,991.0,Dense Forest,Sandy Loam,Mixed,6.55,0,Winter,2018-01-01,0
Champai,Mizoram,Champhai,23.46,93.33,1600,28.6,29.7,4.5,38.4,13.0,74.4,7.8,969.7,Barren/Rocky,Clay Loam,Igneous,5.93,1,Spring,2018-03-02,1
Champai,Mizoram,Champhai,23.46,93.33,1600,28.6,94.6,11.0,78.7,6.7,89.3,11.2,1009.9,Shrubland,Sandy Clay Loam,Mixed,5.33,0,Pre/Post Monsoon,2018-05-01,1
Champai,Mizoram,Champhai,23.46,93.33,1600,28.6,124.1,15.6,100,7.6,94.2,5.6,995.4,Shrubland,Sandy Clay Loam,Soft Sedimentary,6.94,0,Monsoon,2018-06-30,1
Champai,Mizoram,Champhai,23.46,93.33,1600,28.6,215.4,22.7,100,12.4,89.1,4.4,996.9,Shrubland,Clay,Igneous,9.44,0,Monsoon,2018-08-29,1
Champai,Mizoram,Champhai,23.46,93.33,1600,28.6,56.9,10.8,56.0,12.8,67.7,5.5,1005.5,Dense Forest,Clay,Hard Sedimentary,10.3,1,Pre/Post Monsoon,2018-10-28,1
Champai,Mizoram,Champhai,23.46,93.33,1600,28.6,19.3,4.0,30.3,16.8,50.7,6.7,974.1,Shrubland,Sandy Clay Loam,Soft Sedimentary,4.8,1,Winter,2018-12-27,1
Champai,Mizoram,Champhai,23.46,93.33,1600,28.6,18.2,11.1,32.5,15.7,71.3,10.0,988.4,Dense Forest,Clay Loam,Mixed,0.38,1,Spring,2019-02-25,0
Champai,Mizoram,Champhai,23.46,93.33,1600,28.6,68.5,14.9,61.1,5.8,79.0,7.8,1002.9,Shrubland,Clay,Soft Sedimentary,11.19,1,Pre/Post Monsoon,2019-04-26,1
Champai,Mizoram,Champhai,23.46,93.33,1600,28.6,193.0,49.1,100,9.5,91.5,3.1,959.9,Open Forest,Sandy Clay Loam,Metamorphic,2.9,0,Monsoon,2019-06-25,1
Champai,Mizoram,Champhai,23.46,93.33,1600,28.6,145.9,42.9,100,16.5,93.1,6.6,971.0,Open Forest,Loam,Metamorphic,11.39,1,Monsoon,2019-08-24,1
Champai,Mizoram,Champhai,23.46,93.33,1600,28.6,70.3,22.6,69.1,14.7,74.1,2.5,990.5,Agriculture,Loam,Metamorphic,7.9,1,Pre/Post Monsoon,2019-10-23,1
Champai,Mizoram,Champhai,23.46,93.33,1600,28.6,17.4,4.2,21.2,4.9,41.9,11.3,1009.1,Shrubland,Sandy Clay Loam,Mixed,9.23,0,Winter,2019-12-22,1
Champai,Mizoram,Champhai,23.46,93.33,1600,28.6,30.8,11.0,39.6,6.0,60.0,8.5,990.7,Open Forest,Clay,Hard Sedimentary,0.56,0,Spring,2020-02-20,0
Champai,Mizoram,Champhai,23.46,93.33,1600,28.6,84.8,21.4,72.4,8.3,87.4,7.4,998.1,Dense Forest,Sandy Clay Loam,Igneous,11.56,0,Pre/Post Monsoon,2020-04-20,1
Champai,Mizoram,Champhai,23.46,93.33,1600,28.6,94.3,39.4,87.1,6.3,94.3,7.0,958.7,Barren/Rocky,Sandy Loam,Metamorphic,10.2,0,Monsoon,2020-06-19,1
Champai,Mizoram,Champhai,23.46,93.33,1600,28.6,156.9,43.6,100,10.3,87.1,11.1,1000.6,Shrubland,Sandy Loam,Metamorphic,3.2,0,Monsoon,2020-08-18,1
Champai,Mizoram,Champhai,23.46,93.33,1600,28.6,51.0,6.1,59.2,15.8,78.3,8.9,978.5,Barren/Rocky,Sandy Loam,Igneous,8.51,0,Pre/Post Monsoon,2020-10-17,1
Champai,Mizoram,Champhai,23.46,93.33,1600,28.6,4.8,3.0,18.0,10.0,43.7,8.6,1002.4,Agriculture,Sandy Clay Loam,Mixed,7.04,0,Winter,2020-12-16,0
Champai,Mizoram,Champhai,23.46,93.33,1600,28.6,46.0,9.6,52.9,7.6,65.0,6.8,992.2,Agriculture,Clay Loam,Metamorphic,10.11,0,Spring,2021-02-14,1
Champai,Mizoram,Champhai,23.46,93.33,1600,28.6,32.9,6.8,49.7,12.2,83.2,5.8,965.2,Shrubland,Sandy Loam,Hard Sedimentary,10.01,0,Pre/Post Monsoon,2021-04-15,1
Champai,Mizoram,Champhai,23.46,93.33,1600,28.6,157.8,24.5,100,5.1,94.3,8.5,983.0,Dense Forest,Clay,Hard Sedimentary,11.34,0,Monsoon,2021-06-14,1
Champai,Mizoram,Champhai,23.46,93.33,1600,28.6,182.5,37.3,100,5.0,83.8,3.2,961.1,Open Forest,Clay Loam,Soft Sedimentary,0.94,0,Monsoon,2021-08-13,1
Champai,Mizoram,Champhai,23.46,93.33,1600,28.6,39.2,23.2,50.5,12.8,77.7,7.6,998.1,Agriculture,Clay,Soft Sedimentary,0.33,1,Pre/Post Monsoon,2021-10-12,1
Champai,Mizoram,Champhai,23.46,93.33,1600,28.6,7.7,0.5,22.7,14.3,41.5,4.9,969.2,Open Forest,Clay Loam,Mixed,6.22,1,Winter,2021-12-11,0
Champai,Mizoram,Champhai,23.46,93.33,1600,28.6,42.4,9.7,43.8,4.9,63.8,6.1,1008.9,Shrubland,Clay Loam,Soft Sedimentary,0.24,0,Spring,2022-02-09,0
Champai,Mizoram,Champhai,23.46,93.33,1600,28.6,96.8,13.1,80.8,8.6,69.6,11.4,1007.1,Barren/Rocky,Clay,Igneous,10.04,1,Pre/Post Monsoon,2022-04-10,1
Champai,Mizoram,Champhai,23.46,93.33,1600,28.6,146.7,53.9,100,9.4,92.0,2.1,988.8,Shrubland,Loam,Soft Sedimentary,8.57,0,Monsoon,2022-06-09,1
Champai,Mizoram,Champhai,23.46,93.33,1600,28.6,218.3,15.1,100,7.8,88.0,10.2,1005.0,Shrubland,Sandy Clay Loam,Igneous,0.7,0,Monsoon,2022-08-08,1
Champai,Mizoram,Champhai,23.46,93.33,1600,28.6,64.4,16.0,61.1,4.9,72.4,7.7,987.3,Open Forest,Clay,Mixed,5.62,1,Pre/Post Monsoon,2022-10-07,1
Champai,Mizoram,Champhai,23.46,93.33,1600,28.6,11.2,2.6,26.0,4.6,55.9,8.8,988.5,Barren/Rocky,Clay Loam,Metamorphic,0.56,0,Winter,2022-12-06,0
Champai,Mizoram,Champhai,23.46,93.33,1600,28.6,30.9,2.8,40.4,8.7,61.4,4.4,951.3,Dense Forest,Sandy Loam,Igneous,10.6,0,Spring,2023-02-04,0
Champai,Mizoram,Champhai,23.46,93.33,1600,28.6,60.4,11.1,59.3,16.3,67.0,11.8,984.3,Open Forest,Clay Loam,Igneous,4.46,0,Pre/Post Monsoon,2023-04-05,1
Champai,Mizoram,Champhai,23.46,93.33,1600,28.6,149.9,33.3,100,13.4,92.7,5.0,986.1,Dense Forest,Clay Loam,Mixed,8.14,0,Monsoon,2023-06-04,1
Champai,Mizoram,Champhai,23.46,93.33,1600,28.6,101.9,43.5,84.3,4.9,87.3,3.6,986.2,Agriculture,Loam,Mixed,7.13,1,Monsoon,2023-08-03,1
Champai,Mizoram,Champhai,23.46,93.33,1600,28.6,87.7,12.3,79.5,4.4,87.9,8.8,972.4,Dense Forest,Loam,Igneous,9.4,1,Pre/Post Monsoon,2023-10-02,1
Champai,Mizoram,Champhai,23.46,93.33,1600,28.6,2.5,4.3,20.5,2.7,52.4,11.4,953.0,Agriculture,Sandy Loam,Metamorphic,5.04,0,Winter,2023-12-01,0
Champai,Mizoram,Champhai,23.46,93.33,1600,28.6,16.5,1.4,30.7,18.5,61.6,11.2,986.7,Shrubland,Clay Loam,Soft Sedimentary,1.25,0,Winter,2024-01-30,0
Champai,Mizoram,Champhai,23.46,93.33,1600,28.6,20.6,4.6,37.7,4.1,61.3,2.7,1006.5,Barren/Rocky,Loam,Soft Sedimentary,5.88,1,Spring,2024-03-30,1
Champai,Mizoram,Champhai,23.46,93.33,1600,28.6,37.3,16.5,55.2,12.4,89.4,10.9,956.6,Dense Forest,Loam,Hard Sedimentary,5.24,0,Pre/Post Monsoon,2024-05-29,1
Champai,Mizoram,Champhai,23.46,93.33,1600,28.6,119.6,47.7,99.5,3.5,94.3,4.0,952.0,Dense Forest,Clay,Mixed,3.9,1,Monsoon,2024-07-28,1
Champai,Mizoram,Champhai,23.46,93.33,1600,28.6,102.5,21.6,85.6,16.7,81.3,5.1,992.7,Shrubland,Sandy Loam,Hard Sedimentary,9.61,0,Pre/Post Monsoon,2024-09-26,1
Champai,Mizoram,Champhai,23.46,93.33,1600,28.6,17.3,2.1,29.2,6.8,43.3,9.7,974.8,Dense Forest,Sandy Clay Loam,Mixed,11.12,0,Winter,2024-11-25,0
Champai,Mizoram,Champhai,23.46,93.33,1600,28.6,16.2,0.4,26.5,14.3,62.5,4.6,952.7,Shrubland,Sandy Clay Loam,Mixed,4.96,0,Winter,2025-01-24,0
Champai,Mizoram,Champhai,23.46,93.33,1600,28.6,22.5,10.8,34.3,8.4,69.8,9.6,999.4,Shrubland,Sandy Loam,Igneous,6.45,1,Spring,2025-03-25,0
Champai,Mizoram,Champhai,23.46,93.33,1600,28.6,33.1,13.6,47.6,11.4,69.8,12.0,1003.5,Barren/Rocky,Sandy Clay Loam,Hard Sedimentary,6.66,0,Pre/Post Monsoon,2025-05-24,1
Champai,Mizoram,Champhai,23.46,93.33,1600,28.6,139.7,54.3,100,18.2,96.3,11.2,982.4,Shrubland,Loam,Soft Sedimentary,5.46,1,Monsoon,2025-07-23,1
Champai,Mizoram,Champhai,23.46,93.33,1600,28.6,61.5,14.0,64.1,3.9,73.4,3.6,983.9,Dense Forest,Sandy Clay Loam,Soft Sedimentary,6.58,1,Pre/Post Monsoon,2025-09-21,1
Champai,Mizoram,Champhai,23.46,93.33,1600,28.6,0.9,3.1,22.1,3.1,47.7,3.0,964.0,Dense Forest,Clay Loam,Igneous,9.39,0,Winter,2025-11-20,1
Kohima,Nagaland,Kohima,25.6751,94.1078,1444,24.7,2.8,4.0,20.6,10.3,57.6,8.9,960.6,Dense Forest,Clay,Mixed,4.58,1,Winter,2018-01-01,0
Kohima,Nagaland,Kohima,25.6751,94.1078,1444,24.7,39.5,2.8,36.6,3.2,54.4,3.4,976.3,Shrubland,Sandy Clay Loam,Metamorphic,10.49,1,Spring,2018-03-02,0
Kohima,Nagaland,Kohima,25.6751,94.1078,1444,24.7,90.8,19.0,71.5,8.3,66.3,10.6,1005.8,Shrubland,Sandy Clay Loam,Metamorphic,5.39,0,Pre/Post Monsoon,2018-05-01,0
Kohima,Nagaland,Kohima,25.6751,94.1078,1444,24.7,126.7,53.2,100,15.4,88.9,10.4,977.8,Barren/Rocky,Clay Loam,Metamorphic,8.56,0,Monsoon,2018-06-30,1
Kohima,Nagaland,Kohima,25.6751,94.1078,1444,24.7,208.7,41.7,100,4.0,94.9,4.9,990.7,Open Forest,Loam,Soft Sedimentary,2.6,0,Monsoon,2018-08-29,1
Kohima,Nagaland,Kohima,25.6751,94.1078,1444,24.7,57.9,23.8,62.3,10.0,87.0,9.0,995.6,Dense Forest,Clay Loam,Mixed,3.74,0,Pre/Post Monsoon,2018-10-28,1
Kohima,Nagaland,Kohima,25.6751,94.1078,1444,24.7,19.8,1.7,34.9,17.5,55.4,5.6,995.6,Open Forest,Loam,Mixed,4.22,1,Winter,2018-12-27,1
Kohima,Nagaland,Kohima,25.6751,94.1078,1444,24.7,17.1,11.6,33.3,12.4,64.2,6.0,975.7,Barren/Rocky,Clay Loam,Soft Sedimentary,6.65,0,Spring,2019-02-25,1
Kohima,Nagaland,Kohima,25.6751,94.1078,1444,24.7,92.3,22.9,84.2,11.2,89.9,3.3,1003.4,Open Forest,Sandy Loam,Mixed,10.21,1,Pre/Post Monsoon,2019-04-26,1
Kohima,Nagaland,Kohima,25.6751,94.1078,1444,24.7,202.0,15.8,100,10.5,87.1,10.5,970.1,Dense Forest,Sandy Loam,Hard Sedimentary,7.67,0,Monsoon,2019-06-25,1
Kohima,Nagaland,Kohima,25.6751,94.1078,1444,24.7,218.1,27.5,100,9.4,82.3,6.6,965.3,Barren/Rocky,Clay Loam,Hard Sedimentary,8.01,0,Monsoon,2019-08-24,1
Kohima,Nagaland,Kohima,25.6751,94.1078,1444,24.7,93.1,11.2,83.8,4.3,86.4,2.3,952.4,Agriculture,Clay Loam,Metamorphic,3.08,0,Pre/Post Monsoon,2019-10-23,1
Kohima,Nagaland,Kohima,25.6751,94.1078,1444,24.7,10.2,1.2,16.8,17.6,43.8,5.9,963.2,Open Forest,Sandy Clay Loam,Soft Sedimentary,3.52,0,Winter,2019-12-22,0
Kohima,Nagaland,Kohima,25.6751,94.1078,1444,24.7,26.7,10.8,37.5,15.8,64.1,5.2,983.9,Open Forest,Clay Loam,Hard Sedimentary,7.2,0,Spring,2020-02-20,0
Kohima,Nagaland,Kohima,25.6751,94.1078,1444,24.7,61.6,9.6,67.1,9.9,86.1,3.8,950.5,Open Forest,Clay,Metamorphic,4.37,1,Pre/Post Monsoon,2020-04-20,0
Kohima,Nagaland,Kohima,25.6751,94.1078,1444,24.7,205.7,42.8,100,17.7,82.3,10.0,1000.5,Open Forest,Sandy Clay Loam,Soft Sedimentary,2.34,0,Monsoon,2020-06-19,1
Kohima,Nagaland,Kohima,25.6751,94.1078,1444,24.7,174.1,39.3,100,4.3,91.9,7.2,957.5,Barren/Rocky,Clay,Soft Sedimentary,8.3,0,Monsoon,2020-08-18,1
Kohima,Nagaland,Kohima,25.6751,94.1078,1444,24.7,70.3,9.2,60.5,12.0,74.3,7.9,968.8,Agriculture,Clay,Hard Sedimentary,8.51,1,Pre/Post Monsoon,2020-10-17,1
Kohima,Nagaland,Kohima,25.6751,94.1078,1444,24.7,14.2,3.8,28.3,17.9,59.3,9.7,992.0,Open Forest,Clay Loam,Mixed,11.75,0,Winter,2020-12-16,0
Kohima,Nagaland,Kohima,25.6751,94.1078,1444,24.7,46.5,10.0,43.6,18.6,56.9,2.5,955.8,Barren/Rocky,Sandy Loam,Hard Sedimentary,8.72,0,Spring,2021-02-14,0
Kohima,Nagaland,Kohima,25.6751,94.1078,1444,24.7,74.1,17.3,71.6,13.2,78.4,4.3,989.7,Open Forest,Clay Loam,Metamorphic,1.25,1,Pre/Post Monsoon,2021-04-15,1
Kohima,Nagaland,Kohima,25.6751,94.1078,1444,24.7,185.0,52.0,100,15.2,95.5,11.7,1007.4,Barren/Rocky,Sandy Clay Loam,Hard Sedimentary,8.47,0,Monsoon,2021-06-14,1
Kohima,Nagaland,Kohima,25.6751,94.1078,1444,24.7,106.6,40.4,94.9,7.6,97.6,3.5,1001.1,Open Forest,Clay,Igneous,4.44,0,Monsoon,2021-08-13,1
Kohima,Nagaland,Kohima,25.6751,94.1078,1444,24.7,49.5,19.4,46.6,15.6,66.0,2.9,970.1,Dense Forest,Clay,Metamorphic,4.87,1,Pre/Post Monsoon,2021-10-12,1
Kohima,Nagaland,Kohima,25.6751,94.1078,1444,24.7,6.9,4.0,19.4,16.4,45.8,5.6,1004.2,Dense Forest,Sandy Clay Loam,Mixed,2.85,0,Winter,2021-12-11,0
Kohima,Nagaland,Kohima,25.6751,94.1078,1444,24.7,49.7,2.9,55.6,16.2,67.1,2.7,967.9,Barren/Rocky,Clay Loam,Hard Sedimentary,7.07,0,Spring,2022-02-09,1
Kohima,Nagaland,Kohima,25.6751,94.1078,1444,24.7,51.1,21.8,53.0,16.3,83.5,5.9,959.7,Barren/Rocky,Clay Loam,Hard Sedimentary,11.28,0,Pre/Post Monsoon,2022-04-10,1
Kohima,Nagaland,Kohima,25.6751,94.1078,1444,24.7,137.7,37.3,100,16.6,86.6,11.1,977.6,Dense Forest,Clay,Hard Sedimentary,8.47,0,Monsoon,2022-06-09,1
Kohima,Nagaland,Kohima,25.6751,94.1078,1444,24.7,137.1,17.4,100,15.6,90.5,5.0,952.2,Agriculture,Clay,Hard Sedimentary,8.28,0,Monsoon,2022-08-08,1
Kohima,Nagaland,Kohima,25.6751,94.1078,1444,24.7,75.4,11.9,63.5,12.9,72.6,3.9,1000.8,Agriculture,Sandy Loam,Igneous,10.61,1,Pre/Post Monsoon,2022-10-07,1
Kohima,Nagaland,Kohima,25.6751,94.1078,1444,24.7,5.1,3.9,25.0,17.9,56.6,11.4,983.3,Shrubland,Loam,Hard Sedimentary,1.4,0,Winter,2022-12-06,1
Kohima,Nagaland,Kohima,25.6751,94.1078,1444,24.7,33.7,6.9,45.8,18.4,74.7,9.4,1005.8,Open Forest,Sandy Loam,Metamorphic,10.91,0,Spring,2023-02-04,0
Kohima,Nagaland,Kohima,25.6751,94.1078,1444,24.7,51.1,9.0,50.2,7.0,73.5,11.7,1009.4,Agriculture,Sandy Loam,Metamorphic,8.07,1,Pre/Post Monsoon,2023-04-05,1
Kohima,Nagaland,Kohima,25.6751,94.1078,1444,24.7,123.9,23.1,98.7,16.1,94.7,2.8,1000.1,Barren/Rocky,Clay,Igneous,0.53,0,Monsoon,2023-06-04,1
Kohima,Nagaland,Kohima,25.6751,94.1078,1444,24.7,191.2,30.6,100,14.0,92.4,10.0,974.1,Shrubland,Loam,Hard Sedimentary,4.45,1,Monsoon,2023-08-03,1
Kohima,Nagaland,Kohima,25.6751,94.1078,1444,24.7,109.3,10.4,89.0,14.8,74.7,5.8,998.4,Agriculture,Sandy Loam,Metamorphic,1.69,1,Pre/Post Monsoon,2023-10-02,1
Kohima,Nagaland,Kohima,25.6751,94.1078,1444,24.7,10.7,4.5,29.3,18.0,54.3,11.2,968.4,Dense Forest,Loam,Hard Sedimentary,9.17,0,Winter,2023-12-01,0
Kohima,Nagaland,Kohima,25.6751,94.1078,1444,24.7,11.5,2.0,31.3,6.1,61.1,4.4,977.2,Shrubland,Sandy Loam,Hard Sedimentary,4.54,0,Winter,2024-01-30,0
Kohima,Nagaland,Kohima,25.6751,94.1078,1444,24.7,21.4,3.2,38.0,4.0,70.3,4.6,982.7,Open Forest,Sandy Loam,Hard Sedimentary,11.3,0,Spring,2024-03-30,0
Kohima,Nagaland,Kohima,25.6751,94.1078,1444,24.7,100.9,9.3,84.5,10.4,85.2,8.6,977.5,Dense Forest,Clay Loam,Soft Sedimentary,6.5,0,Pre/Post Monsoon,2024-05-29,1
Kohima,Nagaland,Kohima,25.6751,94.1078,1444,24.7,209.6,20.7,100,9.1,82.2,2.9,1006.0,Shrubland,Loam,Hard Sedimentary,2.67,0,Monsoon,2024-07-28,1
Kohima,Nagaland,Kohima,25.6751,94.1078,1444,24.7,64.6,23.1,68.7,7.3,84.9,8.5,990.7,Dense Forest,Clay Loam,Igneous,2.49,0,Pre/Post Monsoon,2024-09-26,1
Kohima,Nagaland,Kohima,25.6751,94.1078,1444,24.7,13.8,2.1,21.1,15.1,48.5,11.0,977.8,Open Forest,Sandy Clay Loam,Igneous,4.92,1,Winter,2024-11-25,0
Kohima,Nagaland,Kohima,25.6751,94.1078,1444,24.7,0.1,1.4,18.8,16.4,41.5,8.3,971.4,Open Forest,Clay,Mixed,0.94,0,Winter,2025-01-24,0
Kohima,Nagaland,Kohima,25.6751,94.1078,1444,24.7,37.7,8.6,35.2,3.6,51.1,10.6,960.7,Open Forest,Clay Loam,Metamorphic,2.4,0,Spring,2025-03-25,0
Kohima,Nagaland,Kohima,25.6751,94.1078,1444,24.7,39.6,5.5,49.1,18.7,72.5,3.2,1005.1,Agriculture,Sandy Clay Loam,Soft Sedimentary,6.03,1,Pre/Post Monsoon,2025-05-24,1
Kohima,Nagaland,Kohima,25.6751,94.1078,1444,24.7,115.8,39.9,96.6,5.7,86.3,3.8,993.3,Barren/Rocky,Sandy Loam,Mixed,8.77,0,Monsoon,2025-07-23,1
Kohima,Nagaland,Kohima,25.6751,94.1078,1444,24.7,40.2,12.5,53.9,16.4,80.4,8.8,1004.6,Open Forest,Sandy Loam,Hard Sedimentary,7.75,0,Pre/Post Monsoon,2025-09-21,1
Kohima,Nagaland,Kohima,25.6751,94.1078,1444,24.7,17.9,3.0,28.9,7.8,44.4,8.9,999.7,Open Forest,Loam,Hard Sedimentary,1.72,0,Winter,2025-11-20,0
Daporijo,Arunachal Pradesh,Upper Subansiri,27.999,94.222,908,23.4,19.4,2.3,30.3,5.8,42.3,2.5,961.2,Barren/Rocky,Clay,Soft Sedimentary,9.22,0,Winter,2018-01-01,0
Daporijo,Arunachal Pradesh,Upper Subansiri,27.999,94.222,908,23.4,28.3,3.0,33.4,7.5,62.3,8.4,1007.1,Barren/Rocky,Sandy Loam,Mixed,8.2,0,Spring,2018-03-02,1
Daporijo,Arunachal Pradesh,Upper Subansiri,27.999,94.222,908,23.4,107.1,14.9,92.8,15.1,84.8,9.6,982.0,Shrubland,Clay,Igneous,2.56,0,Pre/Post Monsoon,2018-05-01,1
Daporijo,Arunachal Pradesh,Upper Subansiri,27.999,94.222,908,23.4,117.3,53.8,90.4,16.0,83.9,11.5,1005.2,Barren/Rocky,Clay Loam,Soft Sedimentary,9.1,1,Monsoon,2018-06-30,1
Daporijo,Arunachal Pradesh,Upper Subansiri,27.999,94.222,908,23.4,162.8,41.8,100,7.4,93.3,11.9,987.9,Open Forest,Sandy Loam,Metamorphic,4.98,0,Monsoon,2018-08-29,1
Daporijo,Arunachal Pradesh,Upper Subansiri,27.999,94.222,908,23.4,46.9,18.1,60.4,8.8,87.5,9.9,978.7,Open Forest,Clay Loam,Soft Sedimentary,6.47,1,Pre/Post Monsoon,2018-10-28,0
Daporijo,Arunachal Pradesh,Upper Subansiri,27.999,94.222,908,23.4,5.5,4.1,14.4,15.7,40.2,7.6,968.3,Dense Forest,Sandy Clay Loam,Metamorphic,1.95,0,Winter,2018-12-27,0
Daporijo,Arunachal Pradesh,Upper Subansiri,27.999,94.222,908,23.4,42.1,3.7,44.3,13.1,66.5,6.0,984.3,Agriculture,Loam,Igneous,0.95,0,Spring,2019-02-25,1
Daporijo,Arunachal Pradesh,Upper Subansiri,27.999,94.222,908,23.4,58.9,10.0,57.1,7.8,66.8,2.7,955.2,Shrubland,Clay Loam,Soft Sedimentary,6.88,0,Pre/Post Monsoon,2019-04-26,0
Daporijo,Arunachal Pradesh,Upper Subansiri,27.999,94.222,908,23.4,125.3,37.8,99.9,14.2,92.1,11.8,985.5,Agriculture,Sandy Clay Loam,Igneous,4.42,1,Monsoon,2019-06-25,1
Daporijo,Arunachal Pradesh,Upper Subansiri,27.999,94.222,908,23.4,195.5,15.7,100,20.6,83.0,2.7,1002.0,Agriculture,Clay Loam,Hard Sedimentary,8.8,1,Monsoon,2019-08-24,1
Daporijo,Arunachal Pradesh,Upper Subansiri,27.999,94.222,908,23.4,75.7,20.0,67.2,20.1,75.7,7.3,988.8,Agriculture,Clay Loam,Mixed,11.47,0,Pre/Post Monsoon,2019-10-23,0
Daporijo,Arunachal Pradesh,Upper Subansiri,27.999,94.222,908,23.4,9.8,2.4,22.8,14.6,42.0,3.3,989.1,Dense Forest,Clay,Metamorphic,8.41,0,Winter,2019-12-22,0
Daporijo,Arunachal Pradesh,Upper Subansiri,27.999,94.222,908,23.4,31.6,7.4,42.3,18.4,58.8,11.4,991.1,Shrubland,Sandy Loam,Soft Sedimentary,7.31,0,Spring,2020-02-20,0
Daporijo,Arunachal Pradesh,Upper Subansiri,27.999,94.222,908,23.4,45.1,24.1,54.8,17.5,81.8,3.8,957.5,Dense Forest,Sandy Loam,Soft Sedimentary,7.12,0,Pre/Post Monsoon,2020-04-20,0
Daporijo,Arunachal Pradesh,Upper Subansiri,27.999,94.222,908,23.4,153.2,30.1,100,14.0,97.9,11.2,978.8,Dense Forest,Clay Loam,Hard Sedimentary,5.17,0,Monsoon,2020-06-19,1
Daporijo,Arunachal Pradesh,Upper Subansiri,27.999,94.222,908,23.4,160.8,45.5,100,9.7,88.9,6.5,968.6,Dense Forest,Clay,Hard Sedimentary,4.75,0,Monsoon,2020-08-18,1
Daporijo,Arunachal Pradesh,Upper Subansiri,27.999,94.222,908,23.4,50.6,11.6,48.9,8.9,65.6,4.2,962.0,Barren/Rocky,Clay,Metamorphic,6.87,0,Pre/Post Monsoon,2020-10-17,0
Daporijo,Arunachal Pradesh,Upper Subansiri,27.999,94.222,908,23.4,1.6,4.4,20.5,10.7,54.1,5.8,969.3,Dense Forest,Loam,Mixed,5.7,1,Winter,2020-12-16,1
Daporijo,Arunachal Pradesh,Upper Subansiri,27.999,94.222,908,23.4,20.7,3.6,30.5,8.3,60.3,11.9,1001.2,Barren/Rocky,Loam,Mixed,7.53,0,Spring,2021-02-14,0
Daporijo,Arunachal Pradesh,Upper Subansiri,27.999,94.222,908,23.4,78.9,12.0,66.1,15.5,72.0,11.7,995.2,Shrubland,Sandy Loam,Metamorphic,8.57,0,Pre/Post Monsoon,2021-04-15,1
Daporijo,Arunachal Pradesh,Upper Subansiri,27.999,94.222,908,23.4,169.6,30.8,100,14.4,96.7,4.4,992.3,Shrubland,Loam,Mixed,5.52,1,Monsoon,2021-06-14,1
Daporijo,Arunachal Pradesh,Upper Subansiri,27.999,94.222,908,23.4,124.3,36.0,100,15.5,92.2,3.5,952.9,Shrubland,Sandy Clay Loam,Igneous,1.71,0,Monsoon,2021-08-13,1
Daporijo,Arunachal Pradesh,Upper Subansiri,27.999,94.222,908,23.4,109.1,18.4,87.6,17.3,78.3,10.6,966.2,Open Forest,Sandy Loam,Soft Sedimentary,11.61,0,Pre/Post Monsoon,2021-10-12,1
Daporijo,Arunachal Pradesh,Upper Subansiri,27.999,94.222,908,23.4,2.6,3.5,11.9,12.6,42.9,5.3,1004.0,Barren/Rocky,Loam,Hard Sedimentary,3.59,0,Winter,2021-12-11,0
Daporijo,Arunachal Pradesh,Upper Subansiri,27.999,94.222,908,23.4,26.8,10.0,28.8,17.4,53.3,2.1,968.1,Barren/Rocky,Clay,Metamorphic,4.7,1,Spring,2022-02-09,0
Daporijo,Arunachal Pradesh,Upper Subansiri,27.999,94.222,908,23.4,75.3,21.5,64.0,16.8,68.5,3.4,956.9,Agriculture,Loam,Igneous,10.4,0,Pre/Post Monsoon,2022-04-10,1
Daporijo,Arunachal Pradesh,Upper Subansiri,27.999,94.222,908,23.4,133.0,28.5,100,12.5,92.2,11.4,1008.3,Dense Forest,Sandy Clay Loam,Mixed,2.78,1,Monsoon,2022-06-09,1
Daporijo,Arunachal Pradesh,Upper Subansiri,27.999,94.222,908,23.4,114.6,42.8,89.2,8.5,87.1,11.3,983.0,Dense Forest,Sandy Loam,Metamorphic,10.7,1,Monsoon,2022-08-08,1
Daporijo,Arunachal Pradesh,Upper Subansiri,27.999,94.222,908,23.4,32.7,10.0,41.1,9.7,72.8,4.1,956.5,Shrubland,Sandy Loam,Igneous,8.63,0,Pre/Post Monsoon,2022-10-07,0
Daporijo,Arunachal Pradesh,Upper Subansiri,27.999,94.222,908,23.4,15.6,2.7,26.9,13.8,40.7,11.5,968.8,Open Forest,Sandy Clay Loam,Metamorphic,4.7,0,Winter,2022-12-06,0
Daporijo,Arunachal Pradesh,Upper Subansiri,27.999,94.222,908,23.4,46.0,8.5,47.8,20.5,66.2,4.9,977.9,Open Forest,Clay Loam,Metamorphic,2.65,1,Spring,2023-02-04,1
Daporijo,Arunachal Pradesh,Upper Subansiri,27.999,94.222,908,23.4,105.8,8.3,85.9,14.7,85.4,5.9,960.9,Shrubland,Sandy Loam,Hard Sedimentary,2.57,0,Pre/Post Monsoon,2023-04-05,1
Daporijo,Arunachal Pradesh,Upper Subansiri,27.999,94.222,908,23.4,91.2,15.6,76.3,14.2,85.9,4.0,950.6,Dense Forest,Sandy Loam,Hard Sedimentary,3.19,0,Monsoon,2023-06-04,1
Daporijo,Arunachal Pradesh,Upper Subansiri,27.999,94.222,908,23.4,177.1,32.1,100,19.9,88.2,10.6,958.5,Agriculture,Sandy Clay Loam,Mixed,4.3,0,Monsoon,2023-08-03,1
Daporijo,Arunachal Pradesh,Upper Subansiri,27.999,94.222,908,23.4,43.9,17.8,52.8,6.2,70.3,11.1,994.1,Barren/Rocky,Loam,Igneous,2.21,1,Pre/Post Monsoon,2023-10-02,1
Daporijo,Arunachal Pradesh,Upper Subansiri,27.999,94.222,908,23.4,0.9,2.7,21.5,20.1,51.5,10.1,997.8,Dense Forest,Clay Loam,Igneous,8.67,0,Winter,2023-12-01,0
Daporijo,Arunachal Pradesh,Upper Subansiri,27.999,94.222,908,23.4,2.6,0.3,22.5,12.0,49.3,6.1,999.9,Barren/Rocky,Clay,Soft Sedimentary,10.01,0,Winter,2024-01-30,0
Daporijo,Arunachal Pradesh,Upper Subansiri,27.999,94.222,908,23.4,32.3,10.2,42.2,14.9,60.3,11.4,961.0,Shrubland,Clay Loam,Igneous,4.45,0,Spring,2024-03-30,0
Daporijo,Arunachal Pradesh,Upper Subansiri,27.999,94.222,908,23.4,42.3,18.6,55.3,10.4,80.7,2.6,959.3,Barren/Rocky,Clay Loam,Mixed,9.43,0,Pre/Post Monsoon,2024-05-29,0
Daporijo,Arunachal Pradesh,Upper Subansiri,27.999,94.222,908,23.4,182.6,51.6,100,7.3,93.0,4.5,961.3,Barren/Rocky,Clay Loam,Hard Sedimentary,1.38,1,Monsoon,2024-07-28,1
Daporijo,Arunachal Pradesh,Upper Subansiri,27.999,94.222,908,23.4,72.5,24.3,67.8,16.1,66.0,7.5,998.4,Barren/Rocky,Clay Loam,Soft Sedimentary,5.56,1,Pre/Post Monsoon,2024-09-26,1
Daporijo,Arunachal Pradesh,Upper Subansiri,27.999,94.222,908,23.4,13.9,4.0,28.3,14.5,63.3,7.9,987.2,Shrubland,Loam,Hard Sedimentary,7.26,0,Winter,2024-11-25,1
Daporijo,Arunachal Pradesh,Upper Subansiri,27.999,94.222,908,23.4,9.9,0.9,19.6,12.8,43.6,4.5,963.2,Agriculture,Sandy Loam,Hard Sedimentary,0.45,0,Winter,2025-01-24,0
Daporijo,Arunachal Pradesh,Upper Subansiri,27.999,94.222,908,23.4,19.0,3.8,31.5,15.9,67.0,10.8,973.0,Open Forest,Sandy Loam,Soft Sedimentary,8.37,0,Spring,2025-03-25,0
Daporijo,Arunachal Pradesh,Upper Subansiri,27.999,94.222,908,23.4,53.6,13.9,60.1,5.3,87.6,7.2,980.5,Barren/Rocky,Loam,Soft Sedimentary,3.4,1,Pre/Post Monsoon,2025-05-24,1
Daporijo,Arunachal Pradesh,Upper Subansiri,27.999,94.222,908,23.4,169.8,30.1,100,10.6,89.1,10.7,961.4,Agriculture,Clay,Metamorphic,7.56,0,Monsoon,2025-07-23,1
Daporijo,Arunachal Pradesh,Upper Subansiri,27.999,94.222,908,23.4,42.8,22.6,50.5,11.6,83.5,6.5,979.9,Shrubland,Sandy Loam,Hard Sedimentary,10.96,0,Pre/Post Monsoon,2025-09-21,1
Daporijo,Arunachal Pradesh,Upper Subansiri,27.999,94.222,908,23.4,17.7,1.7,20.8,17.9,42.1,8.5,984.4,Open Forest,Sandy Loam,Mixed,3.57,1,Winter,2025-11-20,0
Khowai,Tripura,Khowai,24.0833,91.6,100,11.2,4.4,0.8,21.2,19.8,47.9,6.0,976.2,Agriculture,Sandy Loam,Igneous,2.23,0,Winter,2018-01-01,0
Khowai,Tripura,Khowai,24.0833,91.6,100,11.2,41.7,3.8,45.9,8.9,60.8,8.2,951.6,Barren/Rocky,Loam,Soft Sedimentary,2.5,0,Spring,2018-03-02,0
Khowai,Tripura,Khowai,24.0833,91.6,100,11.2,73.1,22.0,66.8,16.8,66.1,4.2,1001.3,Dense Forest,Clay Loam,Hard Sedimentary,10.24,1,Pre/Post Monsoon,2018-05-01,1
Khowai,Tripura,Khowai,24.0833,91.6,100,11.2,138.4,26.8,100,21.8,91.9,7.4,1002.2,Barren/Rocky,Clay,Mixed,6.09,0,Monsoon,2018-06-30,1
Khowai,Tripura,Khowai,24.0833,91.6,100,11.2,189.3,19.4,100,16.6,85.9,5.1,968.3,Open Forest,Clay Loam,Soft Sedimentary,9.58,0,Monsoon,2018-08-29,1
Khowai,Tripura,Khowai,24.0833,91.6,100,11.2,65.4,15.5,59.1,12.7,71.1,9.4,973.3,Agriculture,Loam,Igneous,9.04,0,Pre/Post Monsoon,2018-10-28,0
Khowai,Tripura,Khowai,24.0833,91.6,100,11.2,14.5,1.1,24.1,9.5,56.5,11.3,998.5,Open Forest,Clay Loam,Hard Sedimentary,2.36,0,Winter,2018-12-27,0
Khowai,Tripura,Khowai,24.0833,91.6,100,11.2,25.0,8.1,32.0,20.4,63.3,9.3,1006.3,Barren/Rocky,Clay Loam,Soft Sedimentary,5.76,0,Spring,2019-02-25,0
Khowai,Tripura,Khowai,24.0833,91.6,100,11.2,90.8,16.8,78.7,17.5,79.9,7.3,989.1,Barren/Rocky,Sandy Loam,Soft Sedimentary,8.88,1,Pre/Post Monsoon,2019-04-26,0
Khowai,Tripura,Khowai,24.0833,91.6,100,11.2,144.9,15.8,100,10.4,92.4,2.1,1006.2,Open Forest,Sandy Clay Loam,Metamorphic,2.48,0,Monsoon,2019-06-25,1
Khowai,Tripura,Khowai,24.0833,91.6,100,11.2,131.8,16.9,100,12.0,94.6,11.0,983.0,Dense Forest,Loam,Mixed,8.33,0,Monsoon,2019-08-24,1
Khowai,Tripura,Khowai,24.0833,91.6,100,11.2,82.8,16.3,72.6,8.6,80.3,9.0,959.8,Agriculture,Clay,Hard Sedimentary,10.32,0,Pre/Post Monsoon,2019-10-23,0
Khowai,Tripura,Khowai,24.0833,91.6,100,11.2,17.6,2.5,35.3,18.4,62.3,4.0,998.9,Agriculture,Clay Loam,Mixed,4.17,1,Winter,2019-12-22,0
Khowai,Tripura,Khowai,24.0833,91.6,100,11.2,34.0,10.1,42.4,14.1,70.7,3.0,976.0,Shrubland,Clay Loam,Soft Sedimentary,11.68,0,Spring,2020-02-20,0
Khowai,Tripura,Khowai,24.0833,91.6,100,11.2,93.3,9.0,72.0,17.4,70.6,7.4,980.5,Open Forest,Loam,Hard Sedimentary,5.64,0,Pre/Post Monsoon,2020-04-20,0
Khowai,Tripura,Khowai,24.0833,91.6,100,11.2,132.3,52.5,100,18.9,93.3,11.0,979.6,Dense Forest,Clay Loam,Igneous,9.12,0,Monsoon,2020-06-19,1
Khowai,Tripura,Khowai,24.0833,91.6,100,11.2,90.8,51.0,82.9,9.3,89.7,4.7,996.2,Barren/Rocky,Sandy Loam,Igneous,7.36,0,Monsoon,2020-08-18,1
Khowai,Tripura,Khowai,24.0833,91.6,100,11.2,58.2,16.9,57.3,16.2,79.5,8.9,971.0,Agriculture,Sandy Loam,Soft Sedimentary,11.89,0,Pre/Post Monsoon,2020-10-17,0
Khowai,Tripura,Khowai,24.0833,91.6,100,11.2,7.8,1.8,25.5,14.1,63.8,3.7,1002.2,Barren/Rocky,Clay Loam,Hard Sedimentary,4.02,0,Winter,2020-12-16,0
Khowai,Tripura,Khowai,24.0833,91.6,100,11.2,35.8,10.9,39.6,12.9,54.1,8.7,987.7,Dense Forest,Clay,Metamorphic,10.66,0,Spring,2021-02-14,0
Khowai,Tripura,Khowai,24.0833,91.6,100,11.2,65.6,17.5,59.3,17.5,68.6,11.9,968.3,Agriculture,Sandy Clay Loam,Mixed,4.88,1,Pre/Post Monsoon,2021-04-15,0
Khowai,Tripura,Khowai,24.0833,91.6,100,11.2,129.9,42.2,100,13.3,84.6,7.7,974.3,Dense Forest,Sandy Clay Loam,Hard Sedimentary,9.67,0,Monsoon,2021-06-14,1
Khowai,Tripura,Khowai,24.0833,91.6,100,11.2,143.4,24.7,100,16.0,95.1,4.1,994.0,Barren/Rocky,Sandy Clay Loam,Soft Sedimentary,11.97,0,Monsoon,2021-08-13,1
Khowai,Tripura,Khowai,24.0833,91.6,100,11.2,51.2,11.3,59.3,10.3,84.8,10.1,1002.6,Shrubland,Sandy Loam,Soft Sedimentary,10.06,0,Pre/Post Monsoon,2021-10-12,0
Khowai,Tripura,Khowai,24.0833,91.6,100,11.2,2.8,2.3,20.0,12.3,49.9,2.6,1000.4,Open Forest,Loam,Mixed,10.04,0,Winter,2021-12-11,0
Khowai,Tripura,Khowai,24.0833,91.6,100,11.2,22.8,7.6,38.5,16.6,63.5,10.0,969.8,Shrubland,Sandy Clay Loam,Mixed,3.0,0,Spring,2022-02-09,0
Khowai,Tripura,Khowai,24.0833,91.6,100,11.2,96.7,19.9,81.7,13.2,67.6,4.4,959.0,Agriculture,Loam,Soft Sedimentary,0.76,0,Pre/Post Monsoon,2022-04-10,0
Khowai,Tripura,Khowai,24.0833,91.6,100,11.2,188.8,31.1,100,21.6,90.7,8.5,951.0,Shrubland,Clay,Metamorphic,1.35,0,Monsoon,2022-06-09,1
Khowai,Tripura,Khowai,24.0833,91.6,100,11.2,217.2,41.6,100,12.4,96.1,2.5,995.7,Dense Forest,Clay Loam,Mixed,5.77,0,Monsoon,2022-08-08,1
Khowai,Tripura,Khowai,24.0833,91.6,100,11.2,32.5,17.6,44.3,13.6,70.1,2.5,966.3,Shrubland,Loam,Metamorphic,1.75,0,Pre/Post Monsoon,2022-10-07,0
Khowai,Tripura,Khowai,24.0833,91.6,100,11.2,9.7,3.3,32.0,16.6,63.9,10.2,972.5,Shrubland,Clay Loam,Igneous,1.87,0,Winter,2022-12-06,0
Khowai,Tripura,Khowai,24.0833,91.6,100,11.2,46.9,8.1,45.2,15.3,60.9,6.3,960.7,Open Forest,Clay Loam,Mixed,0.29,0,Spring,2023-02-04,0
Khowai,Tripura,Khowai,24.0833,91.6,100,11.2,81.8,10.9,72.8,11.8,84.8,11.0,968.2,Shrubland,Loam,Metamorphic,7.25,0,Pre/Post Monsoon,2023-04-05,1
Khowai,Tripura,Khowai,24.0833,91.6,100,11.2,200.3,47.7,100,12.7,89.6,2.8,958.2,Shrubland,Loam,Hard Sedimentary,1.4,0,Monsoon,2023-06-04,1
Khowai,Tripura,Khowai,24.0833,91.6,100,11.2,90.4,25.0,74.5,10.6,82.3,10.7,1005.8,Agriculture,Sandy Loam,Hard Sedimentary,7.67,0,Monsoon,2023-08-03,0
Khowai,Tripura,Khowai,24.0833,91.6,100,11.2,72.9,15.9,63.2,13.2,71.2,8.8,983.2,Open Forest,Sandy Loam,Mixed,8.09,0,Pre/Post Monsoon,2023-10-02,0
Khowai,Tripura,Khowai,24.0833,91.6,100,11.2,14.3,1.6,23.7,23.3,50.2,5.7,955.0,Dense Forest,Clay Loam,Metamorphic,11.01,0,Winter,2023-12-01,0
Khowai,Tripura,Khowai,24.0833,91.6,100,11.2,7.3,3.0,17.9,14.9,46.5,4.3,972.0,Open Forest,Loam,Hard Sedimentary,3.71,0,Winter,2024-01-30,0
Khowai,Tripura,Khowai,24.0833,91.6,100,11.2,44.9,5.0,45.7,21.2,70.8,7.8,992.1,Barren/Rocky,Clay,Hard Sedimentary,3.27,0,Spring,2024-03-30,0
Khowai,Tripura,Khowai,24.0833,91.6,100,11.2,32.9,9.6,42.3,8.2,77.8,7.3,975.3,Dense Forest,Sandy Loam,Hard Sedimentary,9.94,0,Pre/Post Monsoon,2024-05-29,0
Khowai,Tripura,Khowai,24.0833,91.6,100,11.2,113.7,52.5,97.7,15.8,89.2,10.1,983.4,Shrubland,Sandy Loam,Igneous,6.61,0,Monsoon,2024-07-28,0
Khowai,Tripura,Khowai,24.0833,91.6,100,11.2,44.7,18.7,52.0,9.6,72.8,6.1,999.9,Open Forest,Loam,Hard Sedimentary,5.9,0,Pre/Post Monsoon,2024-09-26,0
Khowai,Tripura,Khowai,24.0833,91.6,100,11.2,2.0,2.8,15.8,14.5,42.7,4.9,1002.2,Agriculture,Clay Loam,Igneous,5.42,0,Winter,2024-11-25,0
Khowai,Tripura,Khowai,24.0833,91.6,100,11.2,16.2,2.9,20.6,12.6,41.6,6.0,985.3,Barren/Rocky,Loam,Igneous,7.62,0,Winter,2025-01-24,0
Khowai,Tripura,Khowai,24.0833,91.6,100,11.2,27.0,8.1,39.3,20.3,64.4,3.1,981.9,Barren/Rocky,Loam,Igneous,2.89,1,Spring,2025-03-25,0
Khowai,Tripura,Khowai,24.0833,91.6,100,11.2,43.1,19.1,51.4,14.2,78.5,11.0,960.2,Shrubland,Clay,Metamorphic,8.89,0,Pre/Post Monsoon,2025-05-24,0
Khowai,Tripura,Khowai,24.0833,91.6,100,11.2,170.5,52.6,100,17.5,95.1,5.7,960.2,Shrubland,Clay,Metamorphic,7.69,0,Monsoon,2025-07-23,1
Khowai,Tripura,Khowai,24.0833,91.6,100,11.2,105.6,19.8,84.7,8.5,86.1,6.4,985.0,Barren/Rocky,Sandy Clay Loam,Soft Sedimentary,9.88,0,Pre/Post Monsoon,2025-09-21,0
Khowai,Tripura,Khowai,24.0833,91.6,100,11.2,18.0,2.3,32.3,19.7,63.2,11.2,965.8,Shrubland,Clay Loam,Metamorphic,9.58,0,Winter,2025-11-20,0
Thenzawl,Mizoram,Mamit,23.76,92.84,1210,31.8,17.5,2.6,22.9,12.3,49.8,9.3,988.3,Open Forest,Sandy Clay Loam,Mixed,4.23,1,Winter,2018-01-01,1
Thenzawl,Mizoram,Mamit,23.76,92.84,1210,31.8,35.2,8.1,41.3,17.3,74.6,11.5,970.2,Dense Forest,Clay Loam,Mixed,7.95,0,Spring,2018-03-02,1
Thenzawl,Mizoram,Mamit,23.76,92.84,1210,31.8,96.7,13.9,77.4,9.9,79.4,10.6,1005.5,Barren/Rocky,Sandy Loam,Hard Sedimentary,9.91,1,Pre/Post Monsoon,2018-05-01,1
Thenzawl,Mizoram,Mamit,23.76,92.84,1210,31.8,186.8,36.5,100,15.5,80.4,2.1,1000.2,Shrubland,Sandy Loam,Hard Sedimentary,8.15,1,Monsoon,2018-06-30,1
Thenzawl,Mizoram,Mamit,23.76,92.84,1210,31.8,164.8,46.5,100,7.9,81.4,3.3,984.4,Agriculture,Loam,Hard Sedimentary,7.83,1,Monsoon,2018-08-29,1
Thenzawl,Mizoram,Mamit,23.76,92.84,1210,31.8,33.4,6.2,48.7,17.2,78.3,10.6,993.0,Dense Forest,Loam,Metamorphic,0.92,1,Pre/Post Monsoon,2018-10-28,0
Thenzawl,Mizoram,Mamit,23.76,92.84,1210,31.8,4.1,0.3,22.1,15.1,48.6,7.0,972.7,Agriculture,Sandy Loam,Igneous,1.13,0,Winter,2018-12-27,0
Thenzawl,Mizoram,Mamit,23.76,92.84,1210,31.8,34.9,4.1,40.9,13.9,56.0,8.3,982.7,Agriculture,Clay Loam,Metamorphic,7.67,1,Spring,2019-02-25,1
Thenzawl,Mizoram,Mamit,23.76,92.84,1210,31.8,82.1,22.2,74.9,7.8,85.5,3.9,970.8,Dense Forest,Clay Loam,Igneous,3.62,1,Pre/Post Monsoon,2019-04-26,1
Thenzawl,Mizoram,Mamit,23.76,92.84,1210,31.8,175.8,48.5,100,11.5,96.4,2.3,959.5,Barren/Rocky,Clay,Igneous,5.04,1,Monsoon,2019-06-25,1
Thenzawl,Mizoram,Mamit,23.76,92.84,1210,31.8,157.8,30.1,100,5.1,84.6,6.1,952.1,Dense Forest,Sandy Clay Loam,Igneous,11.52,1,Monsoon,2019-08-24,1
Thenzawl,Mizoram,Mamit,23.76,92.84,1210,31.8,72.8,21.4,68.5,10.5,88.0,11.8,1007.8,Dense Forest,Sandy Loam,Mixed,6.65,1,Pre/Post Monsoon,2019-10-23,1
Thenzawl,Mizoram,Mamit,23.76,92.84,1210,31.8,5.3,2.4,22.3,6.1,45.2,10.7,965.8,Shrubland,Loam,Igneous,1.57,0,Winter,2019-12-22,0
Thenzawl,Mizoram,Mamit,23.76,92.84,1210,31.8,42.8,11.3,41.5,13.2,64.4,7.0,965.6,Barren/Rocky,Clay Loam,Mixed,2.25,0,Spring,2020-02-20,1
Thenzawl,Mizoram,Mamit,23.76,92.84,1210,31.8,105.1,15.2,89.8,17.9,84.1,5.5,1001.3,Open Forest,Loam,Mixed,9.03,1,Pre/Post Monsoon,2020-04-20,1
Thenzawl,Mizoram,Mamit,23.76,92.84,1210,31.8,149.0,50.5,100,19.5,80.4,11.6,1009.1,Dense Forest,Clay,Metamorphic,9.35,0,Monsoon,2020-06-19,1
Thenzawl,Mizoram,Mamit,23.76,92.84,1210,31.8,213.1,38.6,100,18.4,93.7,4.1,978.2,Shrubland,Sandy Clay Loam,Hard Sedimentary,8.84,1,Monsoon,2020-08-18,1
Thenzawl,Mizoram,Mamit,23.76,92.84,1210,31.8,66.0,21.6,60.9,15.4,67.4,8.2,956.8,Shrubland,Sandy Loam,Mixed,9.95,0,Pre/Post Monsoon,2020-10-17,1
Thenzawl,Mizoram,Mamit,23.76,92.84,1210,31.8,10.9,2.0,27.7,16.6,48.7,11.2,954.1,Open Forest,Sandy Loam,Soft Sedimentary,7.41,0,Winter,2020-12-16,0
Thenzawl,Mizoram,Mamit,23.76,92.84,1210,31.8,19.7,4.7,32.8,4.3,57.0,6.9,985.5,Shrubland,Clay Loam,Mixed,2.74,1,Spring,2021-02-14,1
Thenzawl,Mizoram,Mamit,23.76,92.84,1210,31.8,97.2,17.9,77.9,11.7,66.5,3.0,988.1,Open Forest,Sandy Loam,Metamorphic,6.62,1,Pre/Post Monsoon,2021-04-15,1
Thenzawl,Mizoram,Mamit,23.76,92.84,1210,31.8,109.6,30.6,89.0,18.9,84.6,3.8,972.4,Agriculture,Loam,Hard Sedimentary,2.39,1,Monsoon,2021-06-14,1
Thenzawl,Mizoram,Mamit,23.76,92.84,1210,31.8,112.4,19.0,88.5,13.9,89.6,5.1,981.6,Dense Forest,Clay,Hard Sedimentary,0.79,1,Monsoon,2021-08-13,1
Thenzawl,Mizoram,Mamit,23.76,92.84,1210,31.8,85.6,8.4,73.3,6.4,88.4,7.9,996.8,Open Forest,Clay,Igneous,8.71,1,Pre/Post Monsoon,2021-10-12,1
Thenzawl,Mizoram,Mamit,23.76,92.84,1210,31.8,19.2,2.9,25.7,11.4,40.2,2.3,955.7,Open Forest,Sandy Loam,Metamorphic,11.47,0,Winter,2021-12-11,0
Thenzawl,Mizoram,Mamit,23.76,92.84,1210,31.8,22.6,6.6,33.1,16.4,54.7,3.7,955.6,Open Forest,Sandy Clay Loam,Igneous,6.88,0,Spring,2022-02-09,1
Thenzawl,Mizoram,Mamit,23.76,92.84,1210,31.8,82.4,14.9,72.9,4.4,69.6,5.2,1005.3,Shrubland,Clay,Soft Sedimentary,11.99,1,Pre/Post Monsoon,2022-04-10,1
Thenzawl,Mizoram,Mamit,23.76,92.84,1210,31.8,151.6,15.3,100,7.9,84.6,11.8,999.5,Shrubland,Loam,Hard Sedimentary,2.37,1,Monsoon,2022-06-09,1
Thenzawl,Mizoram,Mamit,23.76,92.84,1210,31.8,108.7,22.2,89.4,8.3,96.4,11.5,1004.8,Dense Forest,Sandy Clay Loam,Metamorphic,3.8,0,Monsoon,2022-08-08,1
Thenzawl,Mizoram,Mamit,23.76,92.84,1210,31.8,100.7,12.5,77.5,14.8,65.6,8.3,968.9,Open Forest,Sandy Loam,Igneous,5.03,0,Pre/Post Monsoon,2022-10-07,1
Thenzawl,Mizoram,Mamit,23.76,92.84,1210,31.8,14.4,0.1,34.9,6.1,64.3,10.3,971.5,Barren/Rocky,Loam,Soft Sedimentary,4.71,1,Winter,2022-12-06,1
Thenzawl,Mizoram,Mamit,23.76,92.84,1210,31.8,26.2,11.3,33.7,17.4,64.5,6.3,1002.9,Shrubland,Sandy Clay Loam,Mixed,10.64,1,Spring,2023-02-04,0
Thenzawl,Mizoram,Mamit,23.76,92.84,1210,31.8,40.2,14.3,53.6,18.5,90.0,4.7,977.4,Dense Forest,Sandy Clay Loam,Hard Sedimentary,5.37,0,Pre/Post Monsoon,2023-04-05,1
Thenzawl,Mizoram,Mamit,23.76,92.84,1210,31.8,164.3,34.6,100,13.0,91.2,5.0,953.0,Barren/Rocky,Sandy Clay Loam,Hard Sedimentary,4.84,0,Monsoon,2023-06-04,1
Thenzawl,Mizoram,Mamit,23.76,92.84,1210,31.8,192.1,54.2,100,8.3,85.0,6.5,1007.0,Barren/Rocky,Sandy Loam,Soft Sedimentary,2.84,0,Monsoon,2023-08-03,1
Thenzawl,Mizoram,Mamit,23.76,92.84,1210,31.8,64.5,8.0,70.7,6.7,86.4,4.0,993.6,Open Forest,Clay Loam,Metamorphic,10.85,1,Pre/Post Monsoon,2023-10-02,1
Thenzawl,Mizoram,Mamit,23.76,92.84,1210,31.8,0.0,0.1,21.8,10.0,53.7,9.4,1009.6,Agriculture,Sandy Loam,Mixed,1.51,1,Winter,2023-12-01,1
Thenzawl,Mizoram,Mamit,23.76,92.84,1210,31.8,2.4,0.6,26.9,4.3,60.0,10.5,973.1,Open Forest,Sandy Loam,Hard Sedimentary,8.29,1,Winter,2024-01-30,0
Thenzawl,Mizoram,Mamit,23.76,92.84,1210,31.8,40.9,8.2,45.7,12.6,59.7,5.0,1009.3,Dense Forest,Sandy Clay Loam,Igneous,5.86,1,Spring,2024-03-30,1
Thenzawl,Mizoram,Mamit,23.76,92.84,1210,31.8,31.8,16.9,45.4,13.4,86.0,4.2,976.1,Dense Forest,Sandy Loam,Igneous,1.17,1,Pre/Post Monsoon,2024-05-29,1
Thenzawl,Mizoram,Mamit,23.76,92.84,1210,31.8,102.0,39.2,86.5,15.1,91.6,3.4,984.4,Shrubland,Sandy Loam,Soft Sedimentary,2.43,1,Monsoon,2024-07-28,1
Thenzawl,Mizoram,Mamit,23.76,92.84,1210,31.8,35.5,9.1,48.0,8.4,84.1,6.5,972.5,Barren/Rocky,Sandy Clay Loam,Mixed,3.15,0,Pre/Post Monsoon,2024-09-26,0
Thenzawl,Mizoram,Mamit,23.76,92.84,1210,31.8,8.6,0.7,15.6,4.9,41.3,10.8,993.3,Open Forest,Sandy Clay Loam,Soft Sedimentary,8.33,1,Winter,2024-11-25,0
Thenzawl,Mizoram,Mamit,23.76,92.84,1210,31.8,10.3,3.0,22.9,19.5,59.2,10.9,958.4,Barren/Rocky,Loam,Mixed,10.67,0,Winter,2025-01-24,0
Thenzawl,Mizoram,Mamit,23.76,92.84,1210,31.8,31.4,9.9,37.0,19.5,59.0,3.6,1005.8,Shrubland,Clay,Soft Sedimentary,0.3,1,Spring,2025-03-25,1
Thenzawl,Mizoram,Mamit,23.76,92.84,1210,31.8,74.1,11.6,72.7,15.0,78.7,8.3,997.2,Shrubland,Loam,Mixed,0.41,0,Pre/Post Monsoon,2025-05-24,1
Thenzawl,Mizoram,Mamit,23.76,92.84,1210,31.8,204.8,17.4,100,7.5,90.8,6.1,953.2,Open Forest,Sandy Clay Loam,Hard Sedimentary,6.36,1,Monsoon,2025-07-23,1
Thenzawl,Mizoram,Mamit,23.76,92.84,1210,31.8,46.0,23.1,54.3,19.8,79.2,2.7,955.4,Dense Forest,Loam,Mixed,8.64,1,Pre/Post Monsoon,2025-09-21,1
Thenzawl,Mizoram,Mamit,23.76,92.84,1210,31.8,15.0,1.1,33.5,18.2,60.4,9.5,968.7,Dense Forest,Loam,Hard Sedimentary,10.75,0,Winter,2025-11-20,0
